# Augmented Latin Hypercube Sampling Parameter Sets
# Number of Samples: 4000
# Base File: params_v6.txt (rows 0-999, unchanged)
# New Samples: 3000 (rows 1000-3999)
# Seed: 456
# Swap Iterations: 20000
# Columns =zmean alpha kb b0
# Bounds =zmean[7.0,9.0] alpha[0.1,0.9] kb[0.1,2.0] b0[0.1,0.8]
# zmean alpha kb b0
7.3246352962735042 0.48715694318495817 0.25348131624173204 0.71027093973251099
8.8876481881978293 0.4329503243946754 0.1020456445037486 0.24680639792154205
8.9863604908768142 0.12408808584551106 0.98632535613506378 0.18242852477925187
8.9443515168078047 0.88542898962929995 0.62679121260075399 0.57345904185678731
8.6421451854829492 0.15421447344911487 0.19348166225562186 0.61903728447420314
8.0075368887503657 0.61346727680540747 1.2523542009598541 0.45939209275156934
7.9916313240251426 0.54238808406659178 1.5564048468651082 0.58039022967027176
7.536162799016453 0.76749957279541159 0.62265746711215952 0.17779471682423437
8.4895637142534994 0.57210709805540938 0.59451157132089461 0.69480549429679084
8.0744059128936332 0.46170782262972498 0.36543106799828884 0.40483107054117884
7.2598570263867535 0.24593340927187915 0.64104797784070378 0.69236452544772753
7.2976527367276489 0.52294980619499942 1.3919724984940991 0.79647721365487545
7.9710065963164096 0.21082534997245872 1.0820573883865043 0.24541970624656337
7.4499936377814135 0.58369514580174742 0.63470584114032969 0.54840089086010191
8.4863297953053838 0.84190680699887188 0.29139444056717856 0.78753228452207746
7.399001026499394 0.49939295174319687 1.6664244307359792 0.45039379174690997
7.539207691111165 0.10318221176966411 0.36700823350248091 0.51466350911848935
8.6781077731579792 0.30685173913586761 0.30237728133414798 0.32503661939921435
8.9171828180400148 0.56833696342491902 1.9827663337207762 0.16265813131815776
7.9327797103433966 0.41860489671414436 0.93518332239117485 0.53868803850709435
7.7759882199333648 0.70739481682388328 1.8573526056566227 0.4139570083736388
8.4773912778064346 0.22892734227025893 0.57129409586172486 0.57297678779488592
7.0882044634221471 0.4181299767595118 0.71215698699002417 0.31434080948135862
8.9426894296459771 0.55741703723617941 0.68683841851698968 0.60580294020275116
8.4076969224939617 0.30810138164096956 1.1788596591607732 0.29457879373687135
8.5688815006457322 0.82845695499731842 0.29786866489903724 0.47368741803712977
7.7112792926012164 0.35388759205053399 1.6391309492357378 0.47851673928453675
8.9226238031728364 0.21828075787811574 0.23539370555049999 0.55269477310188531
7.8195125097908589 0.48381614284972407 0.38809576278618163 0.33427001143876323
7.3707747166563635 0.56036422767984673 1.6926756781007073 0.29929353200020181
7.7940788925432498 0.50836521379311994 1.0164090941180219 0.23741821852605513
7.281695404414501 0.12228398043875893 0.49622211673810535 0.58823464652660995
8.113455910493677 0.43825590324244479 1.1288425499343349 0.13873825315611393
8.1635424910931551 0.83582526541530899 0.42878569178797032 0.11349257494608504
7.6439313263034823 0.2336147063726467 1.5648838572840453 0.69551452668284419
7.0001653516969311 0.28313568982688819 1.0103760401619815 0.10899872582184006
8.4456415178445425 0.27457226122136064 0.17619869429243701 0.27257748597174941
8.9739230326355948 0.38374775579182996 1.0385709428255845 0.23275557842040825
7.8966813799622262 0.89258782709424533 1.9170611642069622 0.65235076386236357
8.6170677224828314 0.70543431235146759 1.3104468429351843 0.21273790037234019
8.7497301886921619 0.45848028917298556 1.062744916583007 0.10971027718974584
8.3037638466195336 0.42179243993833182 1.9903319592226041 0.73646579377947552
7.1975207628920277 0.17406497296806167 0.11492826635915088 0.6700431311420143
7.505084428146291 0.58208493587892984 0.97627112103871538 0.51757868942271035
7.1066168633253692 0.44017440873832547 0.72013172560934102 0.35762702637366073
7.0408982439051568 0.39582478997818327 1.936270428298426 0.70252881011341684
7.5698333459655789 0.3745949103266053 1.3097974546578479 0.42878045169407064
7.998023314283766 0.84927955373472386 0.80786150701792936 0.47105558088904365
8.3504198672434384 0.42011241432987467 0.13331012224352767 0.72215124749839044
8.6858687223669975 0.62953614878473907 0.95853971984925679 0.59471145575308149
7.5444452520993286 0.36541637919296321 1.0149985921952065 0.13677930442551806
8.4233806280157211 0.78945839127786133 0.31419074150398452 0.5348033519331461
8.9400118554505728 0.71010346060370866 1.9725226732733492 0.69756550801243622
8.4972691225899997 0.64985026120442013 0.66480288000332222 0.7248780736874828
8.7517099598281884 0.53943397919790359 0.72806515710500475 0.51515859330709712
7.1251813317817518 0.27197782799441056 0.93842033658433222 0.37860995267680375
7.647067276346263 0.30883788048894356 0.8349910795540938 0.10405099821836662
7.4713169759164417 0.1700752431711639 1.3826910294420993 0.64041924316102949
8.4809795755408501 0.6698426045781164 0.33060752394827547 0.3219976270719323
7.1917844369434434 0.885950660136955 0.16496417412701669 0.79385804101811785
8.9304650760943183 0.64161503997217739 1.070846222749861 0.78872573158375403
7.055693341539893 0.16673529454894015 0.4810814091626554 0.49895510941306165
8.9754416337537872 0.4780873917965236 0.5284388446834809 0.73857098277552302
7.1410219525943734 0.46253941792773123 0.56067311053317659 0.20124997175878961
8.8723880450382353 0.45265089716265416 0.6189103508396061 0.23812861040475622
8.6340932454959507 0.33903212560335583 0.99635778316226475 0.10458040885558198
8.2577024883760277 0.38956821870813829 0.26653137458883069 0.43057424859412163
8.5802220299322354 0.34701333522446642 0.85060582298661158 0.54164453322833472
8.1758434170112508 0.7370356955298536 1.8155711745936272 0.13712054682423566
7.5234515803794455 0.26949702094828598 1.3677399365167568 0.21240428439693104
7.1261998492287182 0.37240603316751797 1.627584831106702 0.20978565981376127
7.0538012289668321 0.10865492040516762 0.78918592047784386 0.54654723509632497
7.560242149197741 0.13466136575532567 0.30055644307029533 0.72867090067928963
8.4027766645073285 0.76105462257486023 0.86814597343278332 0.55189237520811241
8.8574136715202965 0.73449059313689302 0.95619873594008098 0.69609424404936038
7.7674474530969659 0.68835708432411891 1.4441775283662699 0.64009778635019199
8.1292934429066097 0.65396660553770469 1.5451740899104662 0.41445463070755595
7.1716931755798212 0.75942363057056861 1.3289035307798784 0.40594758263984776
8.2812300165748685 0.10214097588106197 0.88678814497512526 0.79856683673490925
8.7080447301536008 0.22565705041274089 1.8847372055645291 0.30400127942651584
8.0989512943038626 0.85593326685241755 0.14542751395060197 0.28641654841664799
8.0080840646452156 0.76199180058102811 1.9277980649469901 0.18691981065043084
7.4603389458156606 0.59813079048787643 1.7935083446003717 0.5325008914455871
8.6096735240438704 0.82183085397005051 1.0091311382502404 0.10588775207788909
8.1769525883016243 0.73364762590156285 1.7420014848586778 0.48367061363800068
7.5594167728385662 0.44721631150480212 0.54874432225462555 0.60183030364626655
8.9098257861218055 0.50144678316973712 1.3894608881835846 0.19294639358534882
8.1218963197093608 0.14844398949638185 1.6575012274659848 0.1857761310452728
7.2324330250498301 0.59894258186233484 0.82762342432191838 0.42281582341870538
8.0730193629867841 0.32220468091322224 0.20653631110330886 0.63288536346323121
8.039156592071496 0.7733223010122775 0.81996500160133334 0.43440004338707661
8.1065683411378515 0.19513949210022485 1.2164846918960035 0.39218589991990838
7.1585200869522954 0.11860574199149804 0.74164404503338333 0.36226953032344722
7.3916853031994822 0.80421656972706523 1.8075956078297089 0.76116370366116548
7.5882005483191426 0.74879485683005764 1.099672282424768 0.75748210581283804
8.9047096952375338 0.22527433820621884 1.1438143649864432 0.77903598217928727
8.7198094344135963 0.28874578244401766 1.7238530556328047 0.68862786041042789
8.7121644867316288 0.70897009742868888 0.92429900521728403 0.29013846115954023
7.1451692174165498 0.54643646167341675 1.6193744824690668 0.12066385403533494
7.8849420756488531 0.48257455738110766 0.29405071516966563 0.62033045784605145
8.6412733415633625 0.65581676319755966 1.5508436564642367 0.62319691358821616
7.7164661557756826 0.61683240238903891 1.4948405355176142 0.68114855691157794
8.9701986804851597 0.69224315973238071 1.2325035685665306 0.60924051607047913
7.1938178486131887 0.87381638248518978 1.0557978920382409 0.483578271810161
8.228755814409741 0.74775618519432929 1.4178320533051738 0.19945733082194975
8.3473312209600117 0.71949934962635176 1.2809955423773929 0.49345121750941645
8.3932626476806966 0.8311204963398493 0.94850390241668225 0.13331641665635424
8.8202292423559641 0.84773486851699376 1.83414139155663 0.64501507796333135
8.0886179805232796 0.8700621494007893 0.35740809913135085 0.46630284767211638
8.8539464039264359 0.27269347261318277 0.90232228059534281 0.75246497717119931
8.8182659456769326 0.29543423780031375 1.0006344761466568 0.3066029661461942
8.4726124946721519 0.71708790264305466 1.371379049909742 0.1861838906844952
8.1654519240351107 0.79771678469179941 1.8316824070749418 0.74259986953415602
7.9796058011649649 0.63697632146929262 1.47494983805544 0.68040985732794756
7.6047946549542056 0.53201067605044372 1.4855486769582722 0.4002348689005738
8.5143244242189322 0.6426688702752954 0.62588176676581753 0.26903823691101325
8.6996792964199123 0.23650156313877088 0.81298490188982586 0.530182643522223
7.6806770837646434 0.58488052388489031 0.82256710233105113 0.53673556031008196
8.1431750530809399 0.6901470937330253 1.5753909412071736 0.11127220651239328
8.9533141993706131 0.44420685617272326 1.7844102743402548 0.1015135969703299
7.4895285992289367 0.37718123550732507 1.9284995576904478 0.32093631019174146
7.1508729946986485 0.3981626090906768 1.6010238910367816 0.47471891751339379
8.788741079893974 0.85605236198046608 1.6989627213000247 0.13361311145402335
7.6798199720737017 0.30000943077806075 1.8713325850354665 0.61199404208331176
7.0072870269240966 0.23903753064977473 0.20833314003765585 0.28393534482899718
7.5982397846321099 0.32395436205643502 1.2061775978029445 0.57889129085454272
7.2535101751470119 0.83281843745894957 0.35579352092082606 0.54998915087649736
7.8951610196867756 0.38562213948762958 0.96808436666512487 0.36761491939742375
7.355727815936663 0.63305176227812265 1.9655069821247864 0.56413937512406531
8.9781725776985688 0.46961246927484701 1.6620310104473035 0.20892985607705947
7.7390683946573109 0.16854888794243228 0.67666488458078577 0.67313346961681053
8.6740798825006014 0.78686571703525121 1.5585615600454259 0.44234530740742162
7.3793049382073441 0.56126280115412319 0.38950693602857334 0.301788610414293
8.555148664339395 0.57342219369937431 1.4763184012001764 0.22658090508131964
8.0587622343029839 0.40828594786246764 0.55098609945003474 0.45465361220504352
8.0832073583698065 0.606187987636572 1.569100201724779 0.48169863255927026
8.2406171248599218 0.35682294804889936 0.34721504536123904 0.32999958762378273
7.5664841903154914 0.45308475977303131 0.50557964233476282 0.45410197182549861
7.891012702717588 0.26142643442997493 0.18586392947757524 0.21848249303583753
8.4376418174089327 0.68472773718415136 1.731893685857276 0.42145148911447528
7.4521169679018557 0.2421682184404037 0.5272924345288994 0.32140459593836634
8.2049548066177724 0.85711546362615465 1.5354465392963663 0.3815331814123798
7.2428302060589029 0.40575822972174191 0.68205025712217937 0.44672053277465895
7.2025268387360351 0.10033744993224193 0.82891645409378245 0.22502261577837521
8.6499553478594695 0.87517025743281318 1.7217168408555505 0.22543861874687429
7.2865855471740861 0.42609208839589641 0.16368889361750205 0.54391332004956938
7.2464246142543125 0.5795118222521205 1.3865867801574205 0.61661455463608816
7.3187540672760916 0.80962409468103913 0.7382517827920807 0.62165690095704684
8.3958077903905668 0.84382264694569664 1.7922555768299844 0.12791830944795551
7.028568074347656 0.33972045164328679 1.3574795970660463 0.60734968018734303
7.2159504654195503 0.55043157183626368 0.82399275402353778 0.7193218911965803
7.498601452863408 0.32636285491249273 1.2222358142248022 0.70362661364824064
7.9115446466081503 0.73252868086884115 0.31635084085517551 0.25949407835041993
8.7319875796457218 0.31092909528024137 1.993491095864677 0.16760418017460399
8.3494301669951607 0.55957461473332748 1.9619517814551601 0.63871595789528823
8.2887742031587468 0.79698873941879478 0.35271381831856474 0.75349243755239237
8.5001196227858777 0.41286690240447999 1.5285355373964429 0.10804940968114157
7.4835514386014248 0.49856553798992775 0.2316031806873439 0.56621858040904793
7.5118813315572019 0.72525357220211195 1.7865073895878969 0.76034102532681436
7.0329383577224132 0.192343849476486 1.716630119328135 0.12104120897359011
7.627350036536007 0.41488542791597849 1.2889656658162261 0.72418764705287042
7.2192425104038778 0.24699151635477656 0.92753835276434626 0.51871683725229811
7.8703126677334208 0.38271014623791499 0.77344985197744487 0.63927840212712961
8.3589915224861322 0.7423431983539569 1.0954062076437465 0.56936493296910029
8.3258523163171496 0.21269622632189161 1.4098110326874673 0.34643809123883168
8.131930474043827 0.66111814796484158 0.6501402699961949 0.6480723440507048
7.0904392559099181 0.39943625549504691 1.0539247576063648 0.61053524168273876
7.9425689911292796 0.66851191584261738 1.4611997128140823 0.11496566880884623
8.1837669889314011 0.56784062710116212 0.99255143648965516 0.74427308383102564
8.0629142306030417 0.24294180331321036 0.58679940005744857 0.13241573030374515
8.3617213690714625 0.37056815815845812 1.4503118488762319 0.62957371586929101
8.0516365025520251 0.77167737579564455 0.86716373081902498 0.62098664167700535
7.1648235071023993 0.1264948421906055 1.879999685633861 0.56019771596201684
7.1130558495497702 0.84041907170529639 0.41586465284874641 0.31180972450229127
8.0126094575561222 0.33817703080083894 1.0421585556892867 0.7154449994859915
7.2269482871661301 0.66460179504039907 1.7274415910011396 0.27875714745529129
7.6555061292992876 0.107855499442238 0.13421791566013891 0.50727089497904232
8.3273314697702805 0.5876813229195158 0.8887637967200529 0.69970523634213388
8.0715567635722074 0.45109865366983604 1.468454870094986 0.3663043719340674
8.7258114424234794 0.82683604122723586 0.10002195440910143 0.71115384964643191
7.9048752322815359 0.44141185326382637 1.5846809396967245 0.17874110699182436
7.9680600397733112 0.34238796763212292 1.9671084416571001 0.44131779634803481
7.4385393810902443 0.59940064595887765 0.94410502840306232 0.25430177922732844
7.1308966354309593 0.33416779708036171 1.2383491568060323 0.52530118648059776
7.9292849261818326 0.71616389974793171 1.540722989082902 0.53797701392590758
7.1859526240271236 0.35119329351425277 1.5461834307725488 0.78449426739420236
8.7607951088222347 0.39472741467845218 0.76457182811491531 0.72618809050566302
7.347161953920482 0.4771978336506687 1.1718716579331507 0.21135881986349925
8.5858268599058505 0.52845673384093961 1.457940379829592 0.39624850564911474
7.3153083042052627 0.79001191552156391 1.3944575042221783 0.43835534651011421
7.328513128120572 0.32765526386596167 1.7728714859763168 0.51000949915100047
7.6144458098321977 0.86890696796093347 1.7296259539668637 0.61835156976385164
7.609790789100801 0.87831061860816084 0.70772520538672479 0.16465906625114596
7.4304274719194394 0.6326966476211171 1.6048048717914645 0.5239522934726899
7.7922133107114462 0.47120031310085131 1.2992019870740883 0.47073375251669347
7.0379516731256899 0.29719362266514626 0.69377290767997957 0.44229753716122266
8.1382626952101464 0.61828305274278794 1.5238086897848389 0.23561623958228622
7.0271714148394802 0.8516240902858252 0.14638343900761552 0.17593633645359136
7.0592711214576518 0.76476763014353843 0.84455945127579723 0.62386320631727377
7.9407879644601405 0.61866538222663725 1.3747472836491212 0.40292514231772913
7.5855302592725122 0.66334829508124271 0.66285637705880129 0.72667385094026438
8.0180561943246431 0.14246731896500928 1.9493762576545646 0.10314380923803811
8.8583646919234109 0.43236026992397547 1.8636415243831521 0.14747388031669806
7.3689739887077677 0.52681311551676147 0.95027916379775379 0.12693634768999806
7.0087720193620564 0.69791566549780182 0.13809008729212496 0.75644631613363267
7.6957121650376319 0.86501646381262054 1.893137387812035 0.36370364797782939
7.6076411317770258 0.17961797775209237 0.89722196613081706 0.75451738295441639
8.2186496316136974 0.16753210190498413 0.74870304866754789 0.61570049761633583
7.8402256305615552 0.77510691535916521 0.99350244583355785 0.14821319089746737
8.5450032193606535 0.72782688180495558 1.6455477367050344 0.61786261799672959
7.8449942621345556 0.17597511275492531 0.47763113946135449 0.21778522356386765
8.3869606207577156 0.40200389178009732 0.91579067167236783 0.65053232162474417
8.8074738660635052 0.66648802297601062 1.7068049927107616 0.19518723842342645
8.5416209949624839 0.19567274303548049 1.3824814547837987 0.17731800698251976
8.7840934476979555 0.32275223639601558 0.87290657234208957 0.38275507684675736
8.7409188584987465 0.64665164107689721 0.31158103751460375 0.60640276093250645
8.4932641966499638 0.23008931167526261 0.55436144674093368 0.22316616258749822
7.5574023470004779 0.78457020370740604 0.55603537866537878 0.22144875941477421
7.9756375682134388 0.11132163408506587 0.21328988164275364 0.55893047115393313
7.9633256867811282 0.71427979555383081 1.7958514086335715 0.25781555172889015
8.4510943267081835 0.17249494964171336 0.46056358077790305 0.37309890805680868
7.2722739363457833 0.13554982557236045 0.68765068518250905 0.44936231408836225
8.3776790833884949 0.22149811832119407 1.8096231509755756 0.19548604049228618
8.1238533144250056 0.6850129370272714 1.9714051847043184 0.52488204326304766
7.618067408605774 0.47971738060136437 0.30793716478618072 0.25716195668811798
8.7207055918659186 0.60964626273725497 0.87414149290531207 0.3657741395466364
7.9479190311358785 0.40348411143095764 0.18470101461588129 0.38843124091908476
8.0948295924207443 0.49709276995787233 1.6738813637543288 0.31871990411951046
8.309223993694463 0.55243118826616611 0.83590254902717032 0.76203281108691034
8.4416349192988598 0.34888059158996759 1.5009026576502025 0.11269009036319286
8.5992653657471987 0.28513930641462149 0.79615182506813142 0.14137376656881306
8.4942451354575788 0.50219178404284726 0.70235973153176257 0.6338394382457786
7.6307806609706317 0.10640541471230672 0.22272636045370442 0.30745068658608776
7.1820233899891326 0.83629656587146306 1.7707505240764592 0.7973482875067881
8.5064241794180813 0.80564158758059212 1.4667670651592324 0.55062425554773842
7.2258776396998581 0.58633622550249254 0.65297162806620868 0.19042368522073244
8.4128132468713517 0.46808002281096139 0.61514674828635507 0.40984829663590494
8.4143810960589995 0.88864075740061066 0.76883070765685513 0.28947871654628371
8.389440818728815 0.71825414717605252 0.44474484518418111 0.74546906324219697
8.7348914517726453 0.24956881275964493 0.30699865458576192 0.50003720563192822
7.8162201121640109 0.74033332173380784 0.80348178893204769 0.32271428519046202
8.7597369363801967 0.56525683692693229 0.88279275216096575 0.42800681572981103
7.7502830878432674 0.20657002551631043 0.86506445147690703 0.20310098187442141
7.0845749217523286 0.71480685808695177 1.2056026462576397 0.21905167757146937
7.9588548391939575 0.54545727220926676 0.15191956167351481 0.73366026646167293
7.8877771000182308 0.38526000829793128 0.1684956577233373 0.67848883070574173
7.0564303462826734 0.23507883954944916 1.448492530712965 0.24352580851271241
7.7478384266542388 0.81688471785828598 1.6445792373208348 0.69808390366570272
7.299972402006059 0.83847813385814041 0.7525840576884848 0.60012386347052649
7.0952229891543759 0.38984217666434284 0.37233243414503348 0.60847882462025471
8.4990769635177514 0.26304839465082475 0.85319892765643546 0.78464266718298947
8.79140185530105 0.20843161889824421 0.96059062629561265 0.77684028847810616
7.1496011108788444 0.36029586880807563 0.464282344403111 0.25053512861147748
7.8231675969940682 0.73550062401783667 1.582825538567354 0.20395208872912324
8.4312006291890587 0.68924308660671207 1.1013075681114366 0.31413554679811495
8.0040677075290816 0.74539725729159279 1.8369837082499978 0.43723834567953235
7.1172171226504943 0.47302998019029563 1.4263434578353789 0.77449458712695085
7.4967807097824641 0.8837220359561706 0.73990204750659028 0.65864175792330792
7.1601219029154359 0.67841917205050462 1.2552413783656104 0.69296795004420786
8.0308785958985069 0.12615264634657386 1.6819560010189452 0.36089515983692433
8.3213647461916036 0.11778691636704784 0.72521441947497889 0.10100102217088668
8.238573493970879 0.766980735824218 1.7436994584831607 0.23192858758010715
7.1426754989732624 0.61930878611122453 0.92209915532063635 0.55416832659692228
7.550885713380854 0.89454596633542194 0.7082692066789279 0.30086488848197701
8.9644147803944936 0.77657979427373891 0.74769837790255889 0.74729221186513661
8.1597565549032645 0.41010127228252269 1.9116787751116189 0.30795398620550724
7.4582502109622952 0.35939820532170696 0.17581399793992722 0.560984810405601
8.6533385745336719 0.85281767495043803 1.8462619251747756 0.48436029178453899
8.3223232309880473 0.28740056368032485 1.0828495551137245 0.3747311431611311
8.7668354434394775 0.64041579148849992 1.6646387212884639 0.24898726776566016
8.9335135417683702 0.24781266309411545 1.828352230686922 0.59597332354900112
7.3311133925945278 0.89126682066613616 1.5987883107850904 0.34119705507916875
8.7934992358754283 0.52962453085799233 1.9420388491732885 0.16888169890838195
7.1780779460241799 0.61384942601634651 0.73172694408964689 0.6646445189538378
7.9504511170082592 0.5428728075788074 0.69516177804204782 0.35115962847185722
7.6619525906531631 0.61654809589452886 1.2462343225370438 0.38560461204490382
8.2875909099564584 0.27374928525154418 0.64605546151630422 0.66876930285291358
7.8501689287191567 0.31316042580797221 0.15024813895099684 0.48777343224719016
7.0307528785912954 0.12977895991309879 1.898191485414527 0.40743547154071358
7.7488226344186426 0.14983902348118225 1.1672644821959182 0.14399358487924876
7.6328696878597935 0.49541376423632399 1.4023584905250059 0.6759756806154299
7.9563864068418431 0.46145917649410773 1.5318113684400403 0.14279725258116607
8.0035924646279 0.72055730001070606 0.99878306474800171 0.19695214930013949
7.9674737188695293 0.47679561428394823 1.3549363173283098 0.41649253279588783
7.3394886494827629 0.72351521782914563 1.5781096589618286 0.33519781627689416
8.9628903188188449 0.75191153418124046 0.39074308866735641 0.65674870445415967
7.9950153404046853 0.25244925859238365 1.5058107524575146 0.71829560881155974
8.2520669594814997 0.79955422511827956 0.56822316389730887 0.54295996123738477
7.0475967467908189 0.78558419249422062 1.6908533131648205 0.31995167686182469
8.9687892519833081 0.29112927954137463 0.43422434597385207 0.42036365779733931
7.7806560519460355 0.88255112442829675 1.2786685528526271 0.25674004024384556
8.7731681617169919 0.26870941669844284 1.6534688496715073 0.65937111594267428
8.4543433325580768 0.60349441899006528 1.8950994435333153 0.66832858793043515
7.4323021592226883 0.37639799271199037 1.1353435017972766 0.49138526434921359
8.2649128076656417 0.13765102328497159 1.2133291834844095 0.39523626463064576
7.7053353644717593 0.78630668509958856 1.3232584911996186 0.44541475777585682
7.8593701719249793 0.76042696637534346 1.8040738047996583 0.52702286873462068
8.7869655805565046 0.23333646939411212 0.4106368140680724 0.12542576836764766
7.8391213296301281 0.84117069282547807 0.84953457383654729 0.6798373591129282
7.8034367941368545 0.55458606974866131 0.50956858996034793 0.53900272269338034
7.285279066674482 0.28944068017847335 1.465580039781641 0.67534147496988073
7.9886966509680377 0.86300795328769986 0.40324083267560218 0.29509398569462386
8.065481736735018 0.67126313508287005 0.29194283022129741 0.22336837526595382
7.2121655283534345 0.59342020866138923 1.5192829915958159 0.15436714152560949
8.0616296438613588 0.89107474699448985 1.6333253668165413 0.46107185931771877
7.6292789900311213 0.43917220112546707 0.53566949262378705 0.31105854259158516
7.3577477129217943 0.41418492571719956 1.6103957701024558 0.62711630469050872
8.7553875231366547 0.18234966837046687 1.0901443357965135 0.15701729145405613
8.6328593871320987 0.36929320215785499 1.9341456689665897 0.55128752545054616
8.9508155577335309 0.11580134531171701 1.5431923469941471 0.32873275138475078
8.9461570672362534 0.5636104046174728 1.9684626584820195 0.48527792357931288
8.5942369693928082 0.62679840680183885 0.12668439832331538 0.65593786522776498
7.3082210353316626 0.59633099276802104 1.4218326772200112 0.77258050923160981
7.7886470688051208 0.66076250721559737 0.95199463402679507 0.38319873026972551
7.1376100594603402 0.56650040734249962 0.2780755209250132 0.13632167956609592
7.5214527084377245 0.35563861626076121 1.9476265914050148 0.16163508570617141
8.7792850969351761 0.4513430094515416 1.909212579657678 0.64227944439436968
8.9386851837477703 0.21545999749606487 1.8419242228698127 0.42624664192773565
8.3558726565721653 0.10635055458783395 0.67274818439594175 0.79558071519578843
8.5648943297900946 0.73096275741947092 1.5081153336169579 0.57008184986085775
8.8017743239363604 0.47098152898386514 1.0192948987181545 0.32330780631132039
8.2244704042450465 0.51500899583307369 1.8400076243705532 0.47610317679452629
7.0144327977180865 0.81640134273264964 1.3370470310474127 0.67369685355285736
8.8448066590213763 0.74315023860198193 0.75067386920613022 0.52193975218550359
7.1357563995422062 0.46931033815616641 1.5333669634352796 0.38500794670711547
7.7093337380505291 0.52438748829068504 1.759331107665669 0.75029246217716827
8.8228700157923097 0.38831736355116042 1.8211700079459965 0.37968795363268892
8.0431186022354524 0.25540346305413753 0.71500128211151304 0.51344554206040083
7.3118791580231797 0.54860245931630192 1.736556985898366 0.65487925600235641
8.210812032461746 0.12371070187558833 0.43517987985833007 0.21014400566181757
7.1771897028801037 0.610491621947024 0.3203887104324869 0.60460904820643713
7.5068906466628409 0.75107314766944255 1.4332343350007362 0.29653257131304295
7.9863736767354299 0.44699485426084917 0.363234559344214 0.37239325866541173
8.7470516766099529 0.41689614048985812 0.24133456104538234 0.38363606819689577
8.1952200716926775 0.77956070077263495 1.4052641818015965 0.45162494579368451
7.2019577294213155 0.74900218605776758 1.2400130475567823 0.50043015623363818
8.1527421943494733 0.72817213842984241 0.48906031690519625 0.19347665924724319
8.8285197238628008 0.60229535217898511 1.1919493363952414 0.47997919556560975
7.2374829752602396 0.49431060869648891 1.1750095477770275 0.57416514250182904
7.4020853229755659 0.63156335474548586 0.21794185231285934 0.16694401961249272
8.3065766382191981 0.52372800239302642 1.49742773790592 0.22239575457529076
8.1264649923662517 0.83739024707099796 0.81730667011913771 0.33101894933638265
7.1750608497557167 0.64567221347899451 0.53919497874586586 0.59804843423281029
8.3417312372249626 0.29825190113184785 0.19799759658695898 0.40559444044957671
8.2464628866655616 0.43380430564285843 0.9187466529207029 0.53444276615178343
8.3819215193849868 0.3054179351553164 1.9069836414221568 0.3721128513105294
8.0157813011396364 0.29865205233221614 1.8706181488081757 0.45635911642751381
7.1727466125002941 0.18904654808367624 1.9229493777878492 0.36014732067657329
8.2779392522457371 0.20457081595283988 1.6369861879276073 0.19886014681826011
7.4091398227363205 0.67226001831749937 1.9623133450888475 0.45819304175816655
8.5202507665876333 0.5127000312072284 1.0394988362562207 0.275855823260441
7.906520315370928 0.18587134868246527 0.9330262522162821 0.40224575636972648
7.1475230870937043 0.29439254674043536 0.96554831235774641 0.50511425300826607
7.8015183694611254 0.69308917588596441 0.87110196973466314 0.63113444651399209
8.6125070304237834 0.81408237663398164 1.8503411857238488 0.34907365083987785
7.2652348439552865 0.17070259707779062 1.0925941617023478 0.42739278646721668
8.2360151713569714 0.34768816947732684 1.2615865795257608 0.28188311169478319
7.447653169615009 0.70878900810641532 1.8247485967303718 0.55346025267469834
8.4484098240925665 0.74385787160962225 1.900495630386738 0.7461515672198934
8.5672338150910523 0.36787368283263333 1.0654128260893947 0.31618609264321884
7.6101124479919333 0.25684178358194432 1.0363037250953857 0.57582016459922147
7.1686386728842777 0.60692644298425136 0.52344351103591391 0.43145364768361505
7.2299886651271308 0.75260386750203212 0.60232385575215297 0.67751708425600921
8.5118815077323617 0.52072727966360732 1.7464198367758097 0.23312432885505946
8.4536581638187336 0.87553991921282626 1.5604632332990518 0.76327190582181803
8.5517056975952173 0.14412219681222246 1.510902437808848 0.28478121237548182
7.5747752921718661 0.82619398536007016 0.12895541605660416 0.33939172951313745
7.4931673159059109 0.88988831339771068 0.61808745379376839 0.26493790589154331
8.8832197301259157 0.68585500862092552 1.2857339909980003 0.52564966588303075
8.4215596057823632 0.3803615993376992 1.6476501662161009 0.53594176292215379
8.5326517694390454 0.82092034250955537 1.0638839067007975 0.74803065750471265
8.7162722675998783 0.6490101146553916 0.34435620209908951 0.58607163705003995
7.9925545137144614 0.17621651972603283 0.41277402037871658 0.70542071230881609
8.6666766212194144 0.27716082768104477 0.27180064175882995 0.38712019218629456
8.6022677036343449 0.51391505347218114 0.20308657506300887 0.48942117120246276
7.3929907408131745 0.69393144440635379 1.3339652343161694 0.55674670347806887
7.8152645922771331 0.45383465848929905 1.6179451736045967 0.63027910769403683
8.3749100079992829 0.44812791734036039 0.52102286361277039 0.6624820193551102
7.7729968909935634 0.76969418066997508 1.0885722952791934 0.58405399505894906
8.9574580502915211 0.40481572396719712 0.53248228391339958 0.29855204218014342
7.5792841077822288 0.4110691822295568 0.71844157497979644 0.56888998159292392
7.2774741955153068 0.39299673533482904 0.78372894177847008 0.26306575608003202
8.028206086648785 0.76386717745352239 1.1276990854596609 0.49019591651434713
8.3170093330634582 0.10378462276913393 1.5495573804818743 0.54883955114213212
8.6887242480850233 0.17348432725433863 1.4085501329321362 0.33601969002093812
8.4181875349773101 0.43157200942437535 1.11614208303027 0.32749017474836839
8.9137562312268273 0.45691708120552577 1.198695036554942 0.16072100308216389
7.7410069464836671 0.59268665959950206 1.9161893255521916 0.59068410974934371
8.3729860885259839 0.26983014324200683 1.3063834305238999 0.50151595360121481
7.4628492876822801 0.79245794379888179 0.59772557098408519 0.56594861241761607
7.2707849382904586 0.81183201560598239 0.32868860216471113 0.18087241542894633
8.6606641262535256 0.11398725945981777 0.97206723572897635 0.61380637013149741
7.5646725491323243 0.13677872187108639 0.84607413754350402 0.11875735915012738
8.7389493578380968 0.67638258077680735 1.2849126623432896 0.62450899628915901
7.480278676041376 0.27657320751500147 0.45891456101255279 0.41920165418444011
8.3523211951576677 0.14136870205284327 1.7993573962400733 0.54584552080142823
8.5820823190327342 0.45496375285165835 0.88608051188057968 0.19434939786138894
8.9355347854918286 0.44888036709573731 1.5264025426058903 0.66669906887189079
8.9989813358947703 0.57377859194107383 1.6314632175494088 0.24566770983632152
7.5249568454261597 0.5706384824814198 1.988127791020361 0.58261616968206997
8.1256204085457799 0.14390697738163125 0.26895360523168743 0.1897413233353698
7.9813851366987754 0.59045307455017038 0.45585199349702044 0.46777765360088541
7.0133149403616137 0.35888816019948655 0.27325331494604399 0.20181594675348791
8.4426420882946136 0.83157769971852924 1.9393472043002671 0.4321747319627266
8.6104454234795575 0.76586891092538589 1.7116620214701859 0.75702874291767352
8.2173215702562086 0.6388723829584777 0.10750518592054371 0.62285302341728166
8.4042563291161336 0.86822841615762636 0.75954414879168164 0.18507038131411424
8.8713230906432674 0.82464536100158303 1.3425827469907643 0.6879916105300693
7.3403495735175639 0.16477234140600772 1.6862623823990461 0.15742305039290788
7.1298094846723448 0.39110954033095191 1.6582545672932154 0.63630028307249042
7.9127316794951819 0.48918254615161261 0.2348549078717897 0.66766879406622837
8.1497651309447736 0.50572767312758804 1.2199440830123831 0.28287078268305432
8.2707538727325147 0.88461845066132283 1.7765550862709134 0.63754405427744842
8.839448837032986 0.71061091341494442 1.2013981548162855 0.78292795266012027
7.667371398575245 0.55783586686884901 1.4186072022633101 0.20443064550985376
7.0219399179101192 0.45652477876041686 0.11010382837963723 0.42376569089840721
8.193782383487461 0.87285658337283045 1.7622779980094458 0.29977224700540983
8.8541101043407746 0.4654269264212344 1.6729375885045656 0.73543764111846821
7.4204134069310266 0.89537227159365673 1.7872717805253979 0.6110153729001998
7.1234867540194866 0.26379769380148543 0.36816841512039022 0.73472646439061351
8.1363489064750247 0.7955412135857034 1.932513977796813 0.35910166289088696
8.5228647302381653 0.84658239009942071 1.9907937559763362 0.15862234863631611
7.2161462165385375 0.73967815956887095 0.58943067678937144 0.17287241237192874
8.7231921640341596 0.26220298837683942 1.1570396175557123 0.56494207217956804
8.7157562559235942 0.31278023374360753 1.359046358181095 0.52026971755051832
8.8055074620535052 0.87990705355171106 1.6711874071746273 0.23444466220443985
7.5296382747252126 0.67427517114970137 0.59337633360666286 0.48036246052286036
7.2620798857891344 0.67521563669005846 1.3981966302484077 0.47755294705781826
7.8111569599532062 0.22268717620295625 0.30490474311716831 0.54090333642632171
8.1191166472870808 0.10143254642775057 1.2245353782517059 0.65816558201675046
8.7754137945214392 0.72601833098057922 1.1136610221260859 0.70047312898330827
7.1559990671613205 0.78382367039053114 1.3265156140356935 0.4014293333744533
7.7626781066689121 0.36422946041981741 1.6600708959854866 0.42251925555587111
7.2743065630908461 0.40924767139866725 0.48345524130390027 0.29140469815148612
8.1407971065008962 0.1047147213235121 0.80235934649361418 0.70591234613921938
8.3293995813301063 0.37304372818446108 0.70013783576287092 0.37057113524885965
8.615983557935726 0.52776539947192691 0.71565243267918499 0.31763624571779503
7.5484632170151684 0.33322305972317212 0.42824309961618479 0.53705210912023116
8.9204563986823402 0.76948687866221777 1.7380774775789081 0.30982671023016173
8.4744501203195597 0.36316439662642952 0.74358054358247994 0.27461201432811355
8.7282724820584345 0.5209806244713121 0.58370812972547537 0.24299241702368024
7.4249214197912217 0.39751303082066514 0.9548431390683817 0.36438555278397355
8.2912335609411976 0.38411132843906337 1.2292080439963518 0.43759189296082024
7.5180291444421972 0.70396668976395338 1.3633995169614077 0.7096735705986158
8.2145277436510877 0.67683294944920425 0.69847433909584389 0.69052650778977842
8.8601620717433462 0.53501276208823179 0.11618518378303797 0.5672805027311999
7.9146513283214892 0.82337854162070712 1.3524336814337847 0.51950207080630628
8.7457047752147918 0.34559079464358011 0.43821835088766325 0.41092233574482784
8.0405016760777315 0.36654701948933377 1.260025378706686 0.40079201286249422
8.3642907789640297 0.39876931724277098 1.0728729004358668 0.2664585627582145
8.9772025094725389 0.10968170473507857 1.1559866910764871 0.68679796653524172
8.1603142091991661 0.80119263266008078 1.2280720834139256 0.71406073042916396
8.2202022472425398 0.48078189362142121 1.3507672751974429 0.67646137369514303
8.5568431345263303 0.28011346371516638 1.5932803967306304 0.79220478221909529
8.5749525994099631 0.20922103507015749 1.5681083484286535 0.37416176017415392
7.6392311707492233 0.56616970243237608 0.62961773312466174 0.7127926584448333
8.5929381775446458 0.54405167100101148 1.7054947352861878 0.11099860009518128
7.0194306600573473 0.16906465360282263 1.3758158078943277 0.71751874988695619
8.2751839215259668 0.62106383217743011 0.7655520031369365 0.45561607234054058
8.0857386018332917 0.65220320482582106 0.99097695403270269 0.31936673332460763
7.6577854601615485 0.2535505161908958 1.3699319837617621 0.17430841244646533
8.1897242045566685 0.86420042432164412 0.8556111218439032 0.42468950095543034
7.8981708730933722 0.8940319279953407 1.3070950032789954 0.46007078291817227
8.6048560862635988 0.84465241065424823 0.60460282184868785 0.11623898423057212
8.3134801133849283 0.32953410172931397 1.0505993864991945 0.7987732153120588
7.070342319307918 0.67070587277624749 0.3844345593788604 0.27767823108633821
8.6713884878979606 0.65839837144766222 0.38261584779178381 0.20746313932615545
7.1983306190947243 0.87659293902352298 1.1238874604043181 0.66608287579522285
7.3883827076186659 0.61523909728778103 1.9390562745243316 0.30245162910283363
8.9370788086126236 0.33643343904427714 0.97303044993686083 0.61256932880595782
7.9001670632029413 0.44229721404480438 1.8627086913390904 0.66091226441735107
7.785988319484372 0.1826461600790063 0.22642672820825321 0.29568463353720409
8.5905195696455117 0.44531038193466055 1.4886393029496969 0.7225437599875788
7.9604341909512089 0.26483821212562375 0.6599492844016448 0.68961798302775923
8.0164601241371649 0.37403329732497581 1.5802163437000853 0.40886577441239103
8.769726234659629 0.16115467791101892 0.42591707348295316 0.10752946465073454
7.5777301590948936 0.69476721671581809 0.33955796629821422 0.73576558553394233
8.8896962837120057 0.25452273863776337 1.482778535654115 0.35632821159537209
8.9061502891777806 0.81803541460411333 0.30956185267426972 0.77726529292522328
7.9351492417660836 0.37961988249497891 0.73016036834399256 0.11584337648415305
8.4636231007153739 0.88188261476768659 1.867046708330431 0.28538547648850021
7.3512185701059289 0.22217365854066773 1.8161312513495729 0.58764751123914216
7.2419913571380166 0.32854932227412503 1.043395784831409 0.73198889581030935
8.927652422778273 0.21988384119907758 1.5537742204297011 0.6150702333932333
8.0469835258855422 0.23971585474285989 0.44962630535919035 0.35289951174079148
8.8170387500142748 0.5048730496935393 0.6809339950576937 0.37857239017802446
8.2674553295800024 0.6995635312464703 0.70046237722004723 0.23903172140607418
7.4407544624156321 0.29236625751761497 1.0714895518807286 0.38108287461496082
7.2694500827939716 0.46757448964721304 0.3215264296605419 0.70757224037294186
7.648095321206128 0.10481528602622749 0.5442927650417978 0.58305858613226125
8.5763741841957106 0.4873742377473631 1.1797867633351924 0.50414617046510413
8.1988216775175253 0.47423223303025341 1.9962245344130458 0.21628375088331431
8.6239520580916995 0.61121595667155482 0.32313847431092346 0.77566330185361387
8.3663209283690723 0.656578480390962 1.435485683324889 0.68553633198435082
7.6768992767765925 0.30298465210531944 1.1384338109987615 0.61021983268113678
8.8644051350908537 0.30564216215555973 0.9853960087648741 0.47427205787322035
8.5032120781641733 0.63506338192335055 0.82014170395554309 0.398739608344302
8.3704878832514975 0.85090611953326978 0.71048336845502047 0.58503910586885555
7.8814132866023332 0.84266765583339009 0.12244557581055086 0.36712113479797492
7.8120311194151224 0.36591893126491337 0.65839876099713257 0.63196948613099402
7.4853045651756496 0.70404385871819708 0.8391780164649093 0.26993936967137
8.1730191015244777 0.78019912588454476 1.1356247872581586 0.36864920498944875
8.1050508744750633 0.62840683688431509 1.6124775417630768 0.49453221515756707
8.2793555316029739 0.54046343125743646 1.2756785236372492 0.39021046933406189
7.9844783579050711 0.61247308495477859 1.8136184138301161 0.25530539958873305
7.0508710442876987 0.19892086033117759 1.1609616797610685 0.17059997650456732
7.7432947848386569 0.38724736328856324 1.008116074069535 0.14845017179268838
7.062315927322798 0.82516697976514852 0.41960776141730716 0.60774049611994296
8.1457353096738192 0.40118299338903407 0.79320616171614577 0.76495774154359297
7.9275381501663897 0.62273327104917708 0.59907086555174649 0.68504947067959832
7.3852394764201019 0.53344618517422637 1.4848076641080832 0.74164218247869329
8.4679500192365929 0.12744451304280593 0.16154083414509685 0.34033418937919357
8.3324803723058682 0.33180683464116589 1.589921064568558 0.34477315122415436
7.6173222156175706 0.21695915447462866 1.6946597125552429 0.15056917158034444
8.3907212124996278 0.11489801936047378 1.1762850500567161 0.57984445581395982
8.5276375160726978 0.42500442247581793 0.40647746181495359 0.6282306576716421
8.3621304014414637 0.60848737335426717 1.8116270159199681 0.77340254294130928
8.6284656296108402 0.42113669299820566 0.744842153553821 0.19218145493910671
7.1628190280005626 0.58649670191666148 1.4162692425795178 0.34558644337681321
7.4124406133303893 0.60265474681303144 0.23070698472285533 0.27032817803665177
7.2945594506416018 0.48617483990487298 0.91071849612869971 0.3014945685555136
7.8748845690253146 0.11228129075069508 1.4992414014609947 0.7172056851531079
7.6030174588140023 0.27893489852682374 0.93156183308053919 0.25579048521649206
7.7131775897465831 0.63573506927802581 0.9618105126109634 0.29244151943159574
7.8355600518425241 0.54960011733186487 1.8183023120653792 0.4391713572562127
7.7039527086431425 0.63666385473539411 0.37732188463055794 0.1600001811697013
8.4687138832812199 0.10915311079656947 0.80676146516280034 0.44607933471785033
8.9979559005240297 0.35267279692707043 1.7089831110912495 0.28069817297284738
7.777582750576209 0.32650714728449082 0.40479591070723486 0.59653006990091439
7.5948976845977132 0.3866976427635318 1.6901585813595508 0.24181113014684955
8.2494754011065083 0.67781450926242248 0.43235617864582576 0.57475930009511222
8.053851526924328 0.50451164206822641 0.33841932296235566 0.35346420295398229
8.3184565562617969 0.12556434826380491 0.22380040144032204 0.39698086598448734
7.8676024136034401 0.62024737344912395 1.7024976842677175 0.59319154030627241
8.9603411266890944 0.35017801245786428 0.51973547347742211 0.25335240143094756
7.5862291940488618 0.37532097732318837 0.76242331874067448 0.30877953730180968
7.5537744367011106 0.11282124882670126 1.2979642153940811 0.56775702502177849
8.1846806436752519 0.493376638061651 1.3785265673875551 0.71063662107579739
8.6938299319317771 0.7948007824396276 1.5525181454676613 0.38826111158637011
8.5860146081731124 0.57613899765647025 1.0245005426228961 0.50741919755846865
7.4673630283151518 0.88644897404200174 1.3253892291508997 0.44815782770230383
8.7643876630969615 0.58948945229178651 1.5712589572058819 0.65002791324650944
7.9831295092204275 0.76516869680651289 0.22094043594868551 0.30322202179983859
7.5917444336441369 0.3140904871026089 1.2639997532476865 0.71494116723629619
7.0353107810765954 0.28354303409698145 0.77467969243613477 0.21561677143151439
7.0422055458120347 0.87236668285200181 0.45509091016047909 0.31296454042924837
8.7829667170509893 0.25794652905759308 0.28614456537695265 0.55736469546204537
7.5557176109637521 0.59146122017473535 0.98118411867697719 0.20076916771028969
8.3836654669423325 0.49801689416786854 0.50024668465778044 0.7673774256372905
8.8952946564618376 0.31617645453581911 0.79016374756623253 0.42092632089692905
7.7285578025167538 0.37878531693530249 0.59202441241955372 0.44013781461165913
8.9815317791415339 0.34567164426887592 1.9209685460241013 0.23690873405546051
7.8281358761809372 0.83834457314974253 1.8357018865341939 0.15584972495410479
8.3799575998035873 0.4127662310464697 1.9038022804519688 0.45870348723735443
8.5482320194923034 0.26042981978289781 1.0787864851490279 0.19814224862846125
7.2610731959735206 0.80755920575927609 0.2760474362088135 0.48236066558933954
7.3368177092026121 0.68346558242156696 0.29635932447035013 0.25028135517364059
7.4343353981474634 0.29142571121570848 0.94325865256610664 0.25215918389724223
7.7325594002584808 0.32538503069262192 1.8839412264264623 0.32609708869396026
8.5165239126591601 0.83214612764680929 0.24492394152931307 0.49962078625470174
7.6527220771288702 0.24116948917375192 1.2935073617009099 0.74936223214243258
7.9239858744138303 0.83017694097157824 1.7171599543629703 0.54467624254746216
8.2349731508494699 0.28170870564678102 1.9578280183336823 0.67156181367511258
8.0879220553084892 0.39156884804501324 1.2306721928776705 0.67944836697398292
7.571099564368895 0.79093514139850374 0.4613075410415628 0.12191260808413101
7.2310354671439772 0.46708877059217757 1.588559652848563 0.24954181707022233
8.077353775101523 0.15659756659947952 1.0210633938179994 0.13176589148468784
8.078964493760024 0.32056037678529437 0.1040345116242397 0.39454406836353983
7.0229657043305522 0.51532588614787211 1.3396030771515681 0.31211497392865217
8.2840189222970189 0.49674088885411216 0.78737229953424659 0.78086650315080719
7.0032395855256846 0.49440105510978827 1.1216966830649076 0.75432195334674801
8.4783553879251308 0.32423492795320691 0.5170429281369856 0.4346601768219317
7.2238723495973236 0.7225990894529436 0.61202320197736204 0.3981528969586392
7.67440487863061 0.70006844023264525 1.7794780209026004 0.75543277415979826
8.2237731722581184 0.80949832633357077 1.6835843876722245 0.54028948289928513
7.0698276870839294 0.20263982467046812 0.27029693448881253 0.15183691480124956
8.3346587835892869 0.39635184270551604 1.9026927568104861 0.34280663860480487
8.0267437744625951 0.53158735600227758 1.9526488294475748 0.34339671838685681
8.8627479937352582 0.80281782488283326 1.6766652858151669 0.23930864460039586
7.8772598800552345 0.12300572931801845 0.54217888510945389 0.14436615043924306
8.7711097096007702 0.24975798073162003 0.64475314555691909 0.25997373654481587
8.8245370862925725 0.69754185338839148 1.3489944715452806 0.53387994418064888
7.7703138615138307 0.58291385408275309 0.19583378043109892 0.16130520049748631
8.5300535846611183 0.27077073247819872 1.8535927455307759 0.14508825017570887
8.6569115406859183 0.86115044597462298 0.94650763016214023 0.47536209609381697
7.6658239981635115 0.41640917280457901 0.52431726476006169 0.52300092349885541
7.0176970939343475 0.52908418350935627 1.4597787599487619 0.33324111587144029
8.4256108664614171 0.21361175487840539 1.2366862838712844 0.77112177859339481
8.9147213074303178 0.4006432528277456 0.44112338701571818 0.28805948842457801
7.4227262695179101 0.15853376888175927 0.66960498815127345 0.55609743494589503
7.7372352807638318 0.49049469620627484 0.9198497963421034 0.79980736938333663
7.9380047176574022 0.22767743296444232 0.39409346748412144 0.59501698107402778
7.3011619083022348 0.74436360793040046 1.3137975847745063 0.78574045898395239
7.6367902669227448 0.78305719739545809 1.2578224000208416 0.33250286292086184
8.021239953746953 0.21023119679744606 1.8270102050737644 0.55839178878074702
7.1884088021805121 0.15737819832628253 1.1543277315827372 0.44456050472804165
7.9304488984927684 0.80848210306731827 1.9442896731242416 0.78248208684498088
8.9490464571346564 0.54396183529085707 1.9981174401204842 0.3462020182791169
8.6902595386724961 0.13297239158728083 1.7105396037981002 0.15120476887086726
7.3129431155866618 0.81448469434757997 0.26188988579414219 0.13554692858137279
7.0601570335490562 0.75732509395071745 0.57365262295229347 0.72140682042252857
7.5732947648053939 0.1879857675906183 0.14838696394900805 0.56321636914319795
8.035813284766828 0.49037791437032097 0.6846715236745573 0.53142459084391702
8.1143549192004993 0.77713636458309354 1.2262918458635585 0.36319876605851553
7.7448594538617472 0.43486720595135309 0.17134529958929867 0.57050873066434304
8.4398963023260087 0.70227370715529813 0.98802319859220133 0.39189866492584713
8.4090329542342719 0.27990350628047828 1.1702164152518322 0.23640439018111994
7.6703767725710668 0.21874079453369522 0.57899678345597905 0.41350494002866101
8.6374916101105459 0.58435492237232189 0.50239792932860228 0.77516811302234201
7.0395005735963032 0.41966678419219072 0.79412513449981514 0.14234984686200758
7.7541851824611658 0.16026783582830048 0.2799010110729705 0.13027365681202729
7.5474265537862051 0.23121870712607684 1.4640380508407171 0.68909501858873501
8.1014400249937744 0.26588518519556947 1.1814100563444485 0.50252507417948211
8.0911452622392357 0.14030369893995059 1.4358337908968517 0.39572284885831388
7.6997490870427017 0.55136855983377131 1.3597169210448581 0.77339943828841751
7.096849293946649 0.16495637156883852 0.47301475386355418 0.69860962176483066
7.5966344998604818 0.132562864261174 1.9762873816462023 0.15607302853829746
7.2056706500291376 0.66312930370361567 0.64861887475584601 0.26399458394528436
8.8518877741699438 0.29617571157203704 1.3654630036508717 0.26153358009322875
7.4363381809550173 0.32114903590030047 0.63720888021305744 0.4725920917466625
8.3994087552415699 0.84490911972249461 1.7008430415938538 0.31653676136566866
8.5964196656498082 0.30383591623035466 1.5135161139219027 0.22697184122596159
8.6471758535230983 0.31591646737717199 1.1103744908976096 0.27385859209336116
8.2129771789540555 0.63027964735874087 0.23965943304283999 0.26185282604579052
7.0443633868772677 0.39200667175670734 1.2698654513525081 0.14668337802074932
8.6647848297743923 0.24388749202202575 1.9192874709103203 0.72560536756870697
7.4189041771707505 0.25135160564287129 0.18041229223336686 0.46695304845509678
8.925029846180621 0.14899185959718605 0.14225022681256583 0.20254559032196318
8.197308254324982 0.62768868505110009 1.1251046952135453 0.4866123905266907
7.1947959694011976 0.6825949027271766 0.89042883309364917 0.18359037389791105
7.3720570525649274 0.39371288174869556 1.2917511016661927 0.40812891193009349
8.8318465734790959 0.65902082952060292 1.8864511145353127 0.21718044181348917
7.4455972782519675 0.17459846072689869 0.84207453442399616 0.79348822011056575
7.1200758421318744 0.34026201953746971 1.9863652755607619 0.63604747344188872
7.5124787565816158 0.53598236160210899 1.8882357997412336 0.23018928998368443
8.3691317779143652 0.78171372476368328 1.6495811517865007 0.45109509020510163
8.0331015467007756 0.88057315834928818 1.1037005687382508 0.19151933255336956
8.4104620577248497 0.5024637788253844 0.88077811214796897 0.66069119576550728
7.6885010811163674 0.76819038878982593 1.5872551118040954 0.73256913529895951
8.2935724125625097 0.77267141031304598 1.6973115258683655 0.49124769097123266
7.3771508697354902 0.40738702980231045 0.51477402599365574 0.64296807284267044
7.6453110893745606 0.33527208453742441 0.67443006318451293 0.5057792694002935
7.2453426836443811 0.80072395811954367 1.0758517866863948 0.51081223263733389
8.7437376716510364 0.6599204117848434 0.49299871410964535 0.79136527060189998
8.5477315296653948 0.67326115208539139 0.51321296639980785 0.47198631528776003
8.9198994452694631 0.49273803296255891 1.0586870474543959 0.5773316342041902
8.0498627701021519 0.13840195897681906 0.79861839679996671 0.62909001109730822
7.682506317821292 0.11643540390033282 0.68907838932300791 0.12019360603793058
7.8096333697573632 0.36327762737458691 1.4547360094127457 0.16373071254652455
7.4680693453257936 0.7135964155648804 1.6774732109679917 0.69425190599210407
8.0451565947583124 0.88123314033547295 0.92597110696175999 0.70643576218993465
7.5095497778033877 0.35157901670199232 0.58573646491677533 0.4327686425289955
7.0828741878565866 0.19348854864631998 1.615112716251665 0.29378718524002967
7.8731683495429294 0.18030231502066929 0.4936864079934512 0.75956077998911986
8.6721994045403363 0.58025055463142194 0.60861582582066109 0.58690173300250659
8.5711472954599408 0.53889937084522033 1.7977526047374011 0.28846742924830615
7.5809525318101683 0.18320212906441324 1.5366557074177305 0.18850155304097535
7.2895926133505355 0.31169043982015526 0.32583246034397106 0.17264564385036305
8.3424440986084072 0.26645905182493324 0.51094664752547037 0.24272766323035633
8.2269362597812847 0.1633029311195478 1.2681503077158538 0.73122616505430393
7.7201429556734649 0.71855100019981322 0.67794794455402596 0.30473396638608419
8.4347952833666646 0.83369687269245429 0.19174391414287251 0.41822742642153055
8.8329035322709224 0.2584768597617364 0.14045588003941245 0.48113158677220635
7.9737471882426174 0.40470505529100143 1.2095011336718093 0.35053446278160871
7.2072612030798746 0.75403922247564936 1.1600215037670574 0.16563860495723071
7.6910955235145781 0.17851335734093909 0.54699162404433066 0.78882593308513949
8.7528658460364781 0.51655422834085762 0.33411297315766747 0.66161248721767318
8.8485913364015989 0.64755762682396611 1.0232126805952046 0.42953147033118655
7.4540848692340047 0.80387395485973834 0.81543521916488604 0.33584164389372961
7.1528999572143581 0.13082912480070741 1.9253844028353639 0.15498755376132045
8.1095400502551431 0.55581076128013851 0.90754610932668123 0.66294107081301634
7.1395445225430016 0.19195616709007374 0.44739244480158846 0.17138035730118664
7.0676261605008071 0.34295294681666966 0.77877123859017061 0.65120015784178564
7.4778212039040435 0.20325736637244984 0.44822458831888545 0.2480403490236576
7.6688469853315784 0.85229976284191933 1.7803496281684577 0.52639920879038549
8.1105908478925528 0.35304510365650132 1.977850856341298 0.65739807995473321
7.7315730691643978 0.15139595848573539 0.6007685705549245 0.665100660889411
7.2080145997715199 0.14648335964745338 1.8215945171048562 0.20604485832254965
7.7077664663068957 0.14553061413227819 0.87525901115452875 0.65328851249904629
7.478935188849996 0.42906628901944688 0.12574673563588473 0.7393995626881249
8.2604680796781125 0.42986761143842511 1.756422454373799 0.60278062067199334
7.132342678022022 0.54123090358932624 0.42219137200345358 0.50356197659345669
8.7015577515122118 0.46430915093025626 1.0311011291809908 0.41607661068828206
8.5608991095428255 0.35500268459619244 1.8431992862152451 0.25184654186888944
8.4169991206799679 0.27588552904167307 0.72301525608001171 0.5112743934522026
7.9440330493311189 0.74685716466250962 1.3215800109115416 0.52976408161070843
7.7903251778072766 0.53618927682171635 1.0295399846766555 0.72366145270427673
7.1000634968684002 0.31980413015588183 0.26052761306253658 0.1832318668778404
7.0499136406880671 0.86576724810518213 1.4924536551191718 0.24439167566633574
8.2519535273358038 0.6095668070263891 0.46567377305814828 0.47671340424556075
7.0761785552849883 0.48800412613198019 1.4945180531924245 0.42487274212251636
8.6500564247734353 0.52162305109867313 1.5955806490939617 0.18772128791588538
7.4276132437653208 0.51867261562760303 1.4535955511302576 0.17142096635620066
8.6264701635001 0.73139308106103684 1.1975451956981245 0.53106379000688797
7.8046284773994428 0.75457197913193375 0.2426299621662209 0.71608494932693223
8.8036540348487939 0.89977658030190388 1.0459514708242359 0.54215895818690496
7.5274765267102248 0.59460412920671879 0.44389652597829354 0.64941561431567907
7.9194163997372353 0.81205815860721786 1.600389159665393 0.46292825372137048
8.8844656244664648 0.13406807892797984 1.5217824601038246 0.60340655233659346
8.8688023064038468 0.86708433093453707 0.48584692359186299 0.7681618812827985
8.9670551172111104 0.73887574565570868 1.6253216841280202 0.13478046445870834
7.0865397777721508 0.51068409576261786 0.53886443206118384 0.2721646049624023
7.9659690825702061 0.81341514835122908 1.1193130721621665 0.14571422030246151
8.1557276268030794 0.18081955142590689 1.4318019340140384 0.35214251541574138
7.8682806604109663 0.85881928230966886 0.99720297931381618 0.22888838109369808
7.490096235788279 0.22352177648385996 1.1328927434768779 0.59279488738613306
7.1860593301754276 0.14781536229323577 1.3164272532842651 0.49786363763546615
8.9280717166128163 0.15083179869205637 1.0035469765841991 0.20699795542993671
8.5636607056241747 0.86725817616880085 0.36119761016926244 0.68449813989517438
8.1709442129326817 0.25606434510419129 0.92889413157269718 0.67087329119597994
8.3447652065266524 0.47446366470945034 1.7827772574208312 0.58561430907402978
8.5126602687846891 0.72225627065735276 0.5593033647814557 0.31521680973528654
8.5735259011982166 0.50067166446796163 1.0529530715932567 0.71245734121191184
7.2902424057035571 0.56978124291386345 0.16024550750263994 0.7198934837331753
7.0993410030244846 0.23584124260279812 1.7261044965596559 0.28607131991436163
8.0238075815734113 0.43636717981647477 1.344086333803048 0.27554707256954425
7.6583487877717644 0.29341033917253229 0.83310749014301344 0.75216569644829734
7.798102672483548 0.17835652797203957 1.2456626020100869 0.59079887827955446
8.2582536360365033 0.25096977754834016 0.8788780069974359 0.74866111851635164
8.3384509359296022 0.85797208882719367 1.3855278028475648 0.29047025246640712
7.9368069502086405 0.18681407226421626 0.8832094545824003 0.11741589410394285
7.8496482651674384 0.66928428462040601 0.20189093711539347 0.41042073537338453
8.8341077923033406 0.42686468859159155 0.11899141226916951 0.24728243635775246
7.36768761134085 0.43527335019623459 1.7575778409940479 0.33756235338052087
7.4727628114340821 0.53772889207636665 1.5037873389911645 0.39302113143348327
8.1791434685875615 0.19974931424577791 1.2665941752668357 0.12991241244229923
7.3047757228184018 0.81567346712563082 1.5937342411458042 0.1176896877536492
7.6620494174786238 0.65472666282202041 1.0124595265631886 0.46387150694918244
8.84790393120959 0.70700259117796826 0.83086309567993277 0.28055573977515658
8.9903497225594311 0.87740874336619601 1.3464468337297411 0.63516800990997468
7.1141761482810253 0.22691721510077045 1.4801819632424611 0.35160605301996328
8.4611059916884912 0.86350686188886483 1.2962534110731951 0.39110396623985
8.4700128656247955 0.15831030167743249 0.17361925077901125 0.75934928687765757
8.3145974802242559 0.65317229657359288 0.49010586279389201 0.16797029265728558
8.1512699580463632 0.89326511968556566 0.31725110790123789 0.35731514815690946
7.0937636006041824 0.68006172238549023 1.6794542640909844 0.46171009498766358
7.8521635016042959 0.48092115263928947 1.8666860673565262 0.39349954629804063
7.2486127184310467 0.24456849351302956 0.73572333246023547 0.31063316389043616
8.7321216297461248 0.76264657384763124 1.3017796534287751 0.52858523273478941
7.9542914705351251 0.30401713418588849 1.2496633244268771 0.34390484159881352
7.9178086094890894 0.23709074376595277 0.25168868137279743 0.2669436660858604
8.6457707302308133 0.2731852574723368 1.1311019009676424 0.16991595514996666
8.0925692032592096 0.22045240844939773 1.6551938496172334 0.40384047044001581
7.4577221194599455 0.80642924918282199 0.62157958527849766 0.57136668705081395
7.769509839742673 0.65147086272501287 1.9840134601699335 0.72943128547300751
8.0670334239298445 0.27815932029157164 0.33260709111107323 0.43532700089255016
7.3340490385798134 0.68679124131104574 1.7656174798463173 0.46547217308809519
7.4291007887737983 0.36984649578287876 1.9510684290367446 0.10695582691195221
7.5831848092668084 0.73018259575095112 0.84855815284234892 0.76707637681540508
8.9114147278576752 0.48523371189890374 0.89409228627086923 0.59358327838923675
7.8069568169326935 0.81078782733398225 0.11223606991345361 0.63815915893773723
7.7528699556891167 0.24813438438889365 1.7498237421247345 0.69148599473375394
7.8243500985305863 0.60757389733706135 1.6114859952065714 0.34952812517257303
8.3019900831846503 0.57190759239264777 1.1940718498157885 0.44750441275510411
8.396097777945247 0.51791730373823419 0.15795237882124638 0.12378090026235765
7.2565185056285921 0.15211395354791341 0.57654732374075435 0.11215966966850106
7.8427292517248617 0.54727662802831911 1.3976779323951878 0.27331674551413027
7.7828558397306162 0.28996957011647928 1.1462543082368901 0.12455615867464889
8.2424726271520914 0.4662821469097207 1.6682287041375825 0.40351960830364442
8.7068153395636649 0.16594779822470934 0.39496450471312328 0.50816838054272229
7.348781902446845 0.12039168084016058 0.6675512655192759 0.13792633209760552
7.2820454017932894 0.36134015980699496 1.2032429215814815 0.7655030283337515
7.7180304888955726 0.58870603074278816 1.5655172603297796 0.49299692372531434
8.0805963424696028 0.68102454980344362 1.2099791056720612 0.21500810588946723
7.3436291421190694 0.2945592898597128 1.8810286025003271 0.5613336451413915
8.0577453476495471 0.85972518144915921 0.78566146660986624 0.10230073065578175
8.696101733703328 0.42798108428329673 1.4728169970182166 0.5278707295498779
7.1095325268201437 0.14222007192234287 0.61074103126313284 0.44918140055718325
8.1677733657333604 0.14578934439657865 0.15455742763753788 0.72761031559972988
8.1565736698789717 0.3819484680968972 0.5659467352452876 0.3617971596050592
7.3614193770247613 0.17185351501790092 1.9809690277746266 0.41251576013347513
8.7119994713817697 0.67441642672237712 1.3644250105177753 0.32670510853746459
7.7966446124315913 0.15302681064896168 0.80018692284291981 0.19613278845423807
7.2392266744359395 0.79153111895951267 1.9053853194192949 0.17390898191374621
7.7233003002898073 0.89798004891150041 0.25603693916419867 0.35523280074703378
8.7272948167234077 0.80551921945717209 1.4393990759136492 0.54755314046642811
8.7763844240466575 0.75871105140681405 0.37985473408056403 0.74369883950714533
8.2944787157046083 0.77554609396438978 1.118266248776028 0.62558575332916377
7.6518193460351407 0.63995845228596637 0.6332112882835168 0.15298267545396288
8.5899520041009456 0.20611658810782318 0.39762097028574128 0.22832080427465384
8.5598972022662583 0.12937373550157694 1.6068679725552908 0.18167182634855294
7.3801724091104459 0.62451919671860245 0.72402037554370247 0.40704100459761594
8.4263675853081708 0.48184055591087671 0.89448133184491152 0.56409566206822215
8.385610007986303 0.51165080840949828 0.78083528331605012 0.41526633178944439
8.2682403359020782 0.82736940655323898 1.8588423070447195 0.77785450894358277
8.9924430696031052 0.51285751557121384 1.1830980553579669 0.23429906917862442
7.1668673202814066 0.56421754496434118 1.9955177959879522 0.24086506721202305
8.9840506771457562 0.82025118149817045 0.75562613023691227 0.38922614418080637
7.879691317342318 0.73811147131906552 1.165103533648064 0.33226543739440162
8.6806524807158816 0.2376313648139543 1.3328856229260373 0.37727152261106423
7.4952623424551801 0.66764319791339355 1.9553724519906437 0.64326790147401236
7.2785567348793041 0.6311371314017985 0.6426293939347606 0.74060826590309237
7.7146598048267014 0.70129001410149516 1.1888993986690402 0.17935411842090815
7.8637184184603344 0.72132429387979224 1.0337016698984414 0.75063966813291971
8.2327059671290499 0.55330092923598995 0.37088454915266378 0.625727733237461
8.2068952930807306 0.2856478334558159 1.2137891867384105 0.76893075517152643
7.760939733267076 0.50653882785215987 0.69098365819282803 0.14927768612235395
8.4000741820688027 0.8879724538752487 1.74099831512684 0.46490743925321976
8.5798712318580712 0.793125710118044 0.96382811510123723 0.73720537465728819
7.4439913840216807 0.48467723254256601 1.3921140214352128 0.74526492666079325
8.8142635489614847 0.55667024346014304 1.9459874513247464 0.3245701626379599
7.4146735969947182 0.79849323643720005 0.97562820987647569 0.18036864602432515
7.111915729503461 0.75621442673244332 1.8966469718644687 0.3063835015205385
8.0104959820031105 0.70261315538935964 0.65625919074118177 0.38693088045495794
7.3839429130662202 0.51932599821158754 0.22908323928327029 0.79464314086456045
8.8981955749871062 0.16200514429971274 1.1060579925676342 0.21454924707987744
7.3974511755345782 0.86068426057905267 1.0279890174433854 0.72855266693882703
7.857805545573612 0.22440835741136192 0.60707750671893013 0.15379463295345111
8.6621906552596446 0.2160844794231282 0.34612551573658618 0.67252180573289588
7.3179158207163759 0.26794961671489459 1.8758762119328027 0.22400983596053656
8.891306315466581 0.2007296980355569 0.57101289943907263 0.50631075619051624
7.9251577518585234 0.81985587082831801 1.318187978646405 0.65192686564755509
8.6940171698842796 0.28697198882094221 0.91303381582743826 0.14097776214079902
8.841054628123528 0.23095995867428359 0.73444260658207705 0.34750179339458509
8.3041216015188244 0.87074147554852399 1.3450413075176089 0.23050119978128861
7.210206609752059 0.19807332746433989 0.54634406916861589 0.35442951375321163
8.6821562520788618 0.44342409581617026 1.2901833897009478 0.78375586863230151
7.9209503582782794 0.59598715290396898 0.10902504765583387 0.78626608957385502
7.7658957353702771 0.45773053542635733 0.15535141088428844 0.49617568904298814
7.2348180288351909 0.31001394899933932 1.451087214921732 0.75132103245775117
8.1478578745896115 0.41197307269422778 0.17862754893635541 0.58115675620625196
7.8306801694035588 0.75818042930723029 1.6298386416851425 0.61990716061427187
7.3580224626729818 0.52501950585974488 0.28978659715193095 0.19799771559193829
7.6872720716651664 0.45021460506602928 0.77736820648996929 0.25306048191059616
7.7568342528801777 0.63377031149593344 0.63139906894676601 0.51197499190980877
7.727925082544548 0.53403745306104322 0.55341084368244753 0.61621608394685246
7.1579227345938516 0.34465354712956398 0.49835765928289766 0.34820902480128851
8.7058041507349007 0.78088801082835546 0.21116447190682536 0.3380334884948607
8.4656016540446473 0.83957285697199946 0.21698049712897508 0.67462666615129763
8.2445474793534963 0.30204501308277587 1.6412190589092472 0.37122841259220674
8.4283081090183547 0.5617434262337766 1.3365898584762597 0.54705709138306724
8.6552335588744569 0.5586572394739685 1.7137265958938965 0.60244487100639776
8.2022326739668792 0.69887429156940317 0.65152761832230921 0.73982310479277147
8.8976689521555254 0.57528375254481723 1.4137862349414154 0.55945462781958322
7.1812563027889968 0.86169383768624652 1.6505123287463486 0.46420797550621617
8.3576899454299642 0.60415168263209185 1.1517739526222326 0.48788260676546602
8.6008380400498901 0.80205259588346278 0.32634281018450356 0.21373225009737931
8.989632969220601 0.17723986734006095 1.2535085092860001 0.46233224472063472
8.5425097269111809 0.21476144157126931 0.7588722142785681 0.13924619578996
7.5425258712343188 0.11082427874486812 1.2172157651629243 0.13991058501084863
7.693970203982528 0.13144565418900678 1.8898532399771724 0.51420660079900948
8.1032584484023253 0.73329345999971784 0.47118232272441629 0.51273310035006203
8.0244322901188028 0.60515660893542722 1.1085868955463285 0.64393395360542149
7.4169379695137128 0.60051980788162695 1.4250698719342305 0.1588761402715517
7.3064626758641582 0.74998318933018659 0.90664375909265971 0.68641257501861919
8.8744466194048162 0.82275287727928648 0.18236096096516047 0.53281330508971425
7.3202191948601589 0.45927100568540902 0.47900129880268882 0.46903876470637407
7.9039351642079332 0.75536084073104459 1.4406947221471325 0.33093856270918387
7.1032453049606827 0.20183302175069645 1.4703688304478029 0.46867625492298237
8.2635980301670191 0.47887176661940656 0.56209511090396758 0.11945718544544562
7.6973691580627301 0.47581464309746535 0.50465270585137489 0.20783600319871007
8.8375269751418983 0.7158893514536282 1.7897156040548976 0.73773890638710837
7.5930504923672588 0.77418432723608799 0.40011606397395394 0.47887507971467436
7.3956812209751872 0.657356053391144 0.75498055301404821 0.77174503732328703
8.0970174830110189 0.51024034258238748 1.0858786094326884 0.37702461739174131
8.2551431314365615 0.1960006460575307 0.33677284076851199 0.60483249809646789
8.1876354954630077 0.56304010579460229 0.34211423841479127 0.79078741258143592
8.4479552147761954 0.15545916302618132 0.85844002602518277 0.37019008473656922
7.2212863209081641 0.3780147095768801 0.12438609263816104 0.34210728759191295
7.7866003106963539 0.33205399251439438 0.98215657771675535 0.78716512862621046
8.7956046345269012 0.54924137947477403 1.1633611150318401 0.20540691854171719
8.2727356418238269 0.87870447544706465 0.20601409578845115 0.24007732849488284
8.5377378965453961 0.79403643952666381 0.25505391474707767 0.70095370301098026
8.1179566917697237 0.87156238594083579 0.41820463007675257 0.50932384558805499
8.8790552111989633 0.57874942942297636 0.35107021211507816 0.76945005633900332
7.5353054516338158 0.21141974291354357 0.66113501540305764 0.78125218339863789
7.5166070966516507 0.54623313763945569 1.2489676115621142 0.35556222204887378
8.7378698655792633 0.72893665165997701 1.0981008276710658 0.57185294530167641
8.8099291675263789 0.64374523416048768 0.58090536189055031 0.44335996294575697
8.6076622105417915 0.20093120289337829 1.7332122129730219 0.16329154985019745
7.4657710195075939 0.77055453247942074 1.0875916762742974 0.78994640232016877
8.6194203552361817 0.71208640264889633 1.5622171761762738 0.78005005708775088
8.6680023368349808 0.34856586226627728 1.2725480026073148 0.58867965584223692
7.3640918797715491 0.20759923741097777 0.48473062618037521 0.36501632419444674
7.2550779483744368 0.33041061159604113 1.1123651733677338 0.68270408162972795
8.8760264080549192 0.25967853434476651 1.7540902372000284 0.4299806959209248
8.7973923316103111 0.1284159601238139 1.6376623551446343 0.51687333282982562
8.4834339735091611 0.20496443704335077 0.40861671731109672 0.63243141850401308
8.5054851653107946 0.42444583934075919 0.1893563492307111 0.79678365412538199
7.0657297210946881 0.81915372585820367 1.7695671318525235 0.26081087488278587
8.5197877131186797 0.62184724912739553 0.13716845385035736 0.33948438318546081
8.2088486009209802 0.64494547157538862 1.8488025510068151 0.58209832901907299
7.4875510991961072 0.34129352193601431 1.801202374996554 0.5972099344850047
7.7241758337708522 0.43992757864011767 1.1959916306635328 0.28698818192241604
7.8277441050348928 0.31734391180091892 0.85663397692297327 0.41219877390512571
7.9962446202056867 0.31830848847008208 1.9302314077082241 0.15002244883918919
7.5002836109331561 0.13730547066094589 0.18784515983900754 0.76260018443106026
7.266237163406541 0.79613809130025359 1.7346021408029564 0.43370816869501205
7.4046570326628354 0.13942685064786942 0.25866064093108998 0.77046046328609319
8.6207437838851533 0.64438293317108053 1.0959837446934861 0.70181204164868749
8.1901663313454982 0.19087557882360734 1.6236360115495168 0.72020707661477545
8.9558034634495485 0.64829040215534295 1.8553681180495076 0.49268732892068301
8.7631420617764526 0.21324411168484791 1.4281816615841074 0.10992124732791081
8.2304894200098744 0.26412020441868822 0.26398143795227202 0.5224475670773796
8.7805645367192895 0.73671690739826834 1.5299123812939492 0.6134769365550462
7.6348256242642494 0.16274593113018618 1.3039183637642651 0.63434296162241655
7.9480866454976971 0.12136710372112205 1.1859264126515887 0.64688495296444082
8.2973719625228437 0.31461912461301345 0.40040786631517022 0.70419210806896748
8.6777964230504026 0.46045352447767673 0.8609747347370672 0.45265739664710669
7.4003065031113717 0.11721798157006431 1.0498680158857614 0.27670119001736881
7.5637609059327282 0.15951565744522034 1.5164490797893533 0.56247834431323418
7.1057594664482728 0.40304047032218049 1.1410634413015326 0.64536335807487677
8.3373585145219931 0.58130382766720945 0.57788706267726886 0.41877475579728363
7.9774579376839831 0.62334505178938726 1.6206236722541549 0.2633763012057494
7.8208128884112966 0.47213848447304929 0.42415919267569024 0.70297569020476658
7.5143528770162993 0.68774178807797948 0.47516316180402585 0.64123152881688272
7.2936035526082366 0.64083237433482021 1.7202722312526448 0.42582155994491577
7.3238417984949225 0.8989736865441017 0.56426634192509384 0.7431049046077951
7.7009153113262316 0.43735654699865389 1.8781770824213533 0.64841472437545966
7.5410502998821949 0.51720356710665971 1.0046618550904507 0.12609718413322454
7.3860489165417036 0.65067812456433138 1.9132296743974597 0.57745462147987558
8.9036499364488311 0.69570431705631408 0.24783329725277484 0.17652767962198476
7.6255403676114879 0.57827460751757542 1.1687924260147653 0.11413128068377058
8.0692218741515145 0.53079088640945837 0.21423455077999726 0.69165966755258201
7.0059408054903862 0.49140531791159048 1.8607088174227819 0.66976013854742122
8.6586833125361906 0.85371754707658865 0.37927051353581942 0.37551031015432623
8.9011192872492835 0.18442536058393283 0.89852176597520794 0.6640500396622262
7.8888722866930312 0.36848991032453038 1.5202657955838577 0.18414372995020756
7.7347685429001887 0.77766781997207601 0.9039764581402937 0.44048019158374729
7.6007487366795816 0.69104244085542854 1.1491739605888993 0.12396524682509828
8.1694292218595344 0.25431793253885293 0.53062167085366696 0.23146069269040076
8.2822207296498718 0.66580264992175819 1.579210942019097 0.5899010203795908
8.311840040946203 0.22814672851324866 1.2718793708107585 0.51802337386471498
7.5030891987158501 0.77910307345150764 1.7511279244308213 0.30529841105839584
8.6317802510846811 0.50948920437440981 0.97906719739175307 0.21068731021485332
8.457186017790761 0.75353712202176337 0.28683001456068435 0.47009836438753816
7.3533424863126857 0.18505810491065852 1.8455117176253903 0.26797364924130135
7.251856650883922 0.88956260412225063 1.4457793209039742 0.27809742339713567
8.7027779171829494 0.89749006916166107 0.7723814793562096 0.55540834546329576
8.2002871587402826 0.72478279528198619 0.80958414043009108 0.38011444224230928
7.8823639719008494 0.36211812458530801 0.43682108874028858 0.27934787063327815
8.8931337413275156 0.84965665865774087 0.2826710829780047 0.13117115869897941
8.9837936934737321 0.84809270839863393 1.3797255250458051 0.68363658047016584
7.0118947247178367 0.33000488461786481 0.23796565955162238 0.18932588735084102
7.0740305092939089 0.41540760563945811 1.3998151324739878 0.599493567229197
8.5395156359700071 0.72717446307741951 1.0253626548401222 0.7328274319378002
8.8105371061973141 0.83518923060418304 0.93670720567853294 0.51645349490553416
8.2983601513311704 0.60092754300791074 1.1874465530358078 0.50246170522040212
7.4119181605651558 0.33731159607223571 1.7741857980532278 0.17503766585604025
8.757823179406671 0.57702793923657369 1.4121388546629166 0.28206248433923098
8.639228676921169 0.84635371837899165 0.76781826002960307 0.26863908471513553
7.9533154579335967 0.61452831448235323 1.5061707994653544 0.26567898205257984
8.6240035122400975 0.66205126506014156 0.90166417207950933 0.39939752974733111
7.0255215121103891 0.11947954201206228 0.61390330833474771 0.12926105948334746
8.1336484159575448 0.85451113078935514 1.7487888833121077 0.44392958157992968
7.5337957576359837 0.78862560069588228 1.3142613213318028 0.71382630028920602
7.6412827382718778 0.89634290348868839 1.0689524263581325 0.65390485321935155
7.3268622513028259 0.59382994319223403 1.7638270644740563 0.29284671116063193
8.8679800157584232 0.4226513109756922 0.28220217780237733 0.453238302231876
8.1359148257933462 0.44264556966466528 0.2488899981318918 0.70797933666203705
7.8367344749170744 0.35666375164827613 1.6030093513457797 0.70841607492959535
8.4325727461962714 0.56949721936501385 0.20058492602273195 0.12284523813264306
8.0368720220671754 0.50394614547135064 0.50750010262306799 0.65551049268155526
7.3450531569498168 0.69674922360768488 1.2422842418366757 0.38458757148362954
8.5290551755791864 0.3008355452306225 1.8047941694609155 0.5784954744474764
8.5343268865926838 0.59701205655539591 1.3302584934339765 0.62706873208326774
7.4510579987542505 0.62480283888273824 1.4062863753776633 0.41770086352031077
8.4907997269364799 0.24016171633211086 0.16754479200595876 0.69687841178482268
7.6721411696416961 0.15472529337940324 0.81245867121489712 0.10540186605774843
7.0727720278959056 0.74616367887994473 1.6293697663635165 0.32953638142542474
8.4586379893800139 0.43074041268131646 0.45195821735032793 0.31839506043172533
8.4844225453516557 0.52607996161247905 1.5153307066484611 0.60083627405632922
7.8648830643370689 0.24483700562618882 0.13051287802968009 0.45715601501740244
7.1192432345752561 0.7410794961203756 0.41404409883083937 0.36908077668064998
7.8476434745544346 0.19724348291132993 1.8301672619329183 0.12812701648613908
7.6855662927720427 0.19006498407210035 1.0465182745272112 0.33687386872747721
8.3307057975474486 0.63792979321088761 1.234813685633831 0.59145288502658888
7.8541733663006035 0.40652447808678338 1.4242135160794429 0.76608518020586569
7.7786207064600958 0.70607509395141876 1.0598330264579534 0.48616452952783007
7.9095263164759277 0.4555692956185039 0.37522772195088583 0.358720977745701
8.813178248173422 0.18860547239851405 1.0784185549905085 0.49720024170709887
7.7593847070026261 0.37151015505165597 1.7667686665989744 0.73047545605334485
7.8931948283143356 0.46329438956952163 0.46998305955625963 0.2714977368439514
7.0794671887745633 0.57488867403512478 0.38656798062231734 0.37594386491272502
8.1800520752742258 0.34356381364976085 1.9585864337286367 0.32814813761047906
7.4063441919298407 0.31874434538487428 1.4429971125451473 0.22067750301517958
8.5082877944245361 0.71165334805058256 1.6881967917159237 0.10014048436750736
8.55267867323548 0.42861213429750389 1.5730734197113672 0.29754761906363814
7.3625959153508358 0.33459012415086331 0.96916278156810021 0.2582736085071089
8.8269123137400758 0.68217074871482075 0.53457338741104654 0.79292684670541469
7.6211761744620921 0.3079004296761082 0.7050340421443807 0.67680328820642355
7.6223309153654437 0.5541266412187541 0.94141481833466534 0.77862034649771861
7.8607917185274108 0.29957358461645978 0.86216058875747792 0.43655395229910809
8.6860430990001962 0.82914305014561196 1.4777352807516517 0.75834589603696012
7.8326781616360721 0.42376259129174998 0.11947160264923748 0.49525997649759124
7.303802202759714 0.28457878285790172 0.46742833031335851 0.45495244422830539
7.5310941006597147 0.66537723275822436 0.91358533313616641 0.55481594342058493
7.4743564706799992 0.44584949821150832 1.4892843550082095 0.57624551576024341
7.6137911848099433 0.58970847072577814 1.1483222312594339 0.48867255484274597
8.9587332740724754 0.23274236371462534 1.9736523808036164 0.49626370596839087
8.8809704069432982 0.69185931960854385 0.35983623933806319 0.59850499509328003
8.0552102443088138 0.19386766513238418 1.2778300496569539 0.76365776411390218
8.9956520538535205 0.38127053445412196 0.63833557093011906 0.64623063177063433
7.0810019090385978 0.67972767463096484 1.1428186331417451 0.22805813845328682
8.7983434357133952 0.50728330903533236 0.35059428860155395 0.54339380932434578
7.3752402169966382 0.6261590444066647 0.83801130454529138 0.52085641195998256
8.8427032196046778 0.28097503232406162 1.2822619838336642 0.21989482156336304
8.5248539270047488 0.35782393206452812 1.8729521579758095 0.68214225030914266
8.0007723915220232 0.78795807336348567 1.5400220419722135 0.166192760585086
7.3326085377566068 0.53688187738551785 0.67168590259021366 0.29690946474586266
7.1382511255959917 0.6614404441327687 1.638421665852112 0.59484173285003505
7.1110806496807761 0.45563534107307435 0.48512034121299952 0.36522792287768724
7.1471980499239427 0.7189724623054391 0.15389787987718045 0.70008815009897218
8.7303200163431036 0.73821117316802964 1.3537972191693397 0.39484560283008119
8.9665592301585608 0.24130857936934497 1.3322893719286435 0.17688906412125419
7.482787154306286 0.71312935124847876 1.0605618937101782 0.32694011245289462
7.6370651536559926 0.69698850083224895 0.34552417205311203 0.25446988122429992
7.7706168132397675 0.63135760717535627 1.7492835660714863 0.13258561530781907
7.7661744126881835 0.35723935042749477 0.82855547942675811 0.26423459709232844
7.5201785970736426 0.34989774053397588 1.9269701385259927 0.48894327456096331
7.3599833890175814 0.30352121734027093 0.58825358887426027 0.35804482736759458
7.3570612345124236 0.21175639854166103 0.7367957326629988 0.64174643105883977
8.8623549512097899 0.13504604015365518 0.33602055190949554 0.1782427015079468
7.466586557271552 0.23449096028629374 1.3834322820635825 0.75444921129645826
7.4211386233414833 0.11661788104024558 0.43805331317163254 0.19577817505099737
7.5754514192839935 0.73285856449209563 0.13254865062315394 0.53361084900902411
8.6948007083576577 0.62703879497077442 0.14704494999895562 0.42392709569696052
8.5307840556789909 0.21961716295454728 1.6426685162144545 0.72776443351652476
8.9785895102319024 0.65751464106604074 1.8123069614136906 0.78589998020516072
7.7654703840519286 0.62420054904658451 0.27280858681638254 0.35501266614345239
8.539005094212321 0.23252452623271835 1.0058236565885301 0.68299687341537818
7.9123825013905202 0.68884159892950192 0.42684621803967748 0.77615799682072051
7.1610762043205112 0.73589838510233696 1.8148776710440491 0.47984371676733151
7.1036161771620021 0.72569402441502406 1.1500239719033134 0.77127390631262727
8.9266034473694393 0.88038050215470098 1.2188293524947942 0.68698714590418997
8.7488842539171134 0.44768997143803957 1.1782036736599306 0.34303258409334214
8.8817756944631725 0.57999319303568664 0.1425810177349679 0.45990519728809509
8.3714693104374671 0.76130212897680127 1.4954125720185165 0.41546577241992844
8.1764445136244071 0.48021968493610545 0.13620770708720775 0.63657275426912763
7.8176241317508941 0.21954578102691938 0.206901708256852 0.67416257909475419
7.1259874355299164 0.4626204286588379 0.46698046367454982 0.11638404499716712
7.5718910777166712 0.37951618538960896 0.51868585996202254 0.69733332509035217
8.2662693911358929 0.73306917483803147 1.313370457584544 0.58575273904533676
7.9845250378748904 0.29306523030596465 0.7772918242339153 0.19993515084203478
7.524405122441105 0.42679714567724625 0.15139147183670837 0.57491908514213874
7.4599523507607017 0.22015757264787633 1.7533162963074955 0.30042515774922851
7.599111879334072 0.62466870818501807 1.6915529779426741 0.27279811781949748
7.8467340894071524 0.61294746902206831 1.0450867496040315 0.62010117076731519
7.1903556353200093 0.13050164453272872 0.28043292308845447 0.67421014024544057
7.0005769530217705 0.56553512384529014 0.77061508252562527 0.78903193756498435
7.3050875945176088 0.73051828980960998 1.6096874500919269 0.25464454345882381
8.8086538574440301 0.51541379348229877 0.14385378555350631 0.12636466690822412
8.5120459797621564 0.50683203409570132 1.8052501472544367 0.44988421483806884
8.0983279578905325 0.3502965867179163 0.55376916317275782 0.60803220606480612
7.4007557821097416 0.15805874795685818 1.4013199827342833 0.10874071188486817
8.3505164186063876 0.85822771198376635 1.9898944096221804 0.7086926314517451
8.70227029521301 0.7556108191690637 0.42803197264752191 0.46565900390170845
8.8606840946183603 0.34973145319983467 0.57588427329159264 0.79992649299910534
7.728336405286619 0.50788249463891721 0.53697336190890477 0.67972506737863014
7.0982250037025985 0.7241937750331271 0.58526276680953926 0.54271247056882876
7.9030647712940976 0.42151129413608357 1.7451992998293484 0.55245927140197759
7.3906013215525448 0.10807053160367515 1.4183351823929504 0.76243983889380962
8.380729331638701 0.46586628075234815 1.6418059357360029 0.67449663109138813
7.7065487227504832 0.26036065776164674 0.6775583890236776 0.34168443008118032
8.0920653605640727 0.3394064422487918 1.7883515413245017 0.13830028257072549
7.8089651971931708 0.76089250949762866 1.474071587776058 0.78321690977431491
8.5509162645144325 0.26935116416330007 1.1882531434458692 0.36043348198990566
8.6321527863736094 0.64127920594180166 0.60631587304571144 0.42292783055353644
7.9999621412884458 0.57734881213093558 0.60961921435044797 0.7957018181546438
8.5916978783506224 0.30965852802781724 0.69641498237079269 0.54034679389719087
8.7728715493489933 0.38232687203029747 0.54116895845683943 0.6669939026605034
8.6253173211762171 0.82316969562158193 1.7951799341125134 0.12883056386217445
8.2748743465572137 0.75041598858457637 0.90430232150998402 0.49388416662367363
8.5615588958621842 0.37913146894716865 1.3776665016605143 0.43857983902817588
7.4445820332419776 0.24836631795963604 0.36253754931806659 0.54803008111658003
7.1337037740911722 0.36018406771352585 0.73393013787618921 0.76522402281431379
7.5147874852095873 0.53815196766372397 1.8987676774977604 0.63344098227852641
7.391001045834698 0.81500141653072233 1.2782222044758889 0.2367456587949231
7.6376916039472533 0.70091797177840198 0.7950484119764929 0.16839165017056296
8.8800673187904682 0.61098445755139319 1.5775516058979175 0.39163576485754825
8.9247219480726176 0.29523000945853534 1.8742133086433197 0.75179051117418461
7.7023079986534189 0.21776525369616842 1.8807685212856069 0.60017559737670656
8.4892656701094449 0.88319867089492754 1.8007314834695918 0.19627703963972526
8.8902741197418322 0.82416259532217806 1.1627982307126843 0.32246481818646205
8.9405881461840853 0.85623497824593675 1.208236680987723 0.43973358662656126
8.6791185847112136 0.58881881946058534 0.20072389149707587 0.22451662301940106
7.9472499139123016 0.65817008344093186 0.37051335720664436 0.45879577963087925
8.384407982260484 0.64338245731595367 1.2153825185152494 0.25192829478723494
7.0578520737525725 0.50975670910782134 1.9099829461403202 0.17449064438585324
8.9887603603015567 0.16577019651042707 0.32748198720851573 0.29224183484884636
8.2418304830780755 0.46464241821038865 1.0429224051612567 0.73325520007826306
8.3403075963881506 0.3225453797815756 1.7323790974645488 0.16432795063392142
8.9719070111134407 0.20018351413680338 1.1550043730576112 0.11547633094010606
7.5191021831514728 0.27340441622573053 0.60301248840968003 0.70500265144404906
8.9083644552102239 0.4019965245866941 0.92121584500939047 0.48418530158715023
7.5871656972304358 0.68224680881154942 1.8362244809960808 0.10087112163428257
8.9968070426100617 0.65441375802783874 1.5727949074477015 0.73798410057107156
7.2871419940786266 0.57637269159013849 1.9633034306126322 0.38343902597479018
7.6770614353352231 0.78409793428957364 1.8065586200937958 0.48277997118822269
8.9193133016576347 0.76316967283809789 1.6105845309925124 0.77428890663507777
7.126652767000845 0.61498554034374597 0.30442046395069911 0.67634535894489056
8.2796621982225425 0.44978626765824714 1.2483491643925912 0.5346485090562314
7.261638136600884 0.74812556273468256 1.4427006499622315 0.60877445463907087
7.3667637770418066 0.88111134416348558 1.9309677131911556 0.39853891588823909
8.3911270124395934 0.2984258580283472 1.9373748568488092 0.60938390079392735
8.2732368388925508 0.62961813666900746 1.5172613723184709 0.50668313028591316
8.9745863806356976 0.55366548632470625 1.7997137657260593 0.12179481310796736
8.5036019442007778 0.2880413318853926 0.99983256456540004 0.12909166002560085
7.7215464626163106 0.64944171262637829 1.1741640718008874 0.33364197490222069
7.5906355942338122 0.4582647812952938 1.828760152671467 0.16725082958698501
7.7106930928809962 0.70771600837916171 0.97679094850184633 0.16090443416844255
7.6761680369562519 0.53307517932897175 0.71252403156355293 0.24290961775986952
8.5922128615668463 0.48269980648397581 1.0815682716594603 0.3603732574915971
7.0231799129226866 0.32178167298005278 1.7947010090846365 0.62249319115428403
8.5874745276827618 0.4084358898474425 1.3870727421012332 0.61401690515071694
7.0786276430251434 0.30169236188451132 0.54992279775384523 0.56841366877153687
8.7226978571285372 0.21585855555942485 1.8855090519304167 0.44318815765265818
7.7613924998889496 0.88725090395498851 0.54592548942764474 0.52139953481769952
8.4007642537851304 0.77979597825647085 1.2024217807542426 0.71677982766112436
8.1282238371335502 0.11693716248757692 0.89800725367835743 0.46344709430089581
8.9052523802717047 0.47537605731836818 0.19363132503707009 0.1986991453913434
7.4746373498036913 0.12865653244695596 0.5476426768132644 0.11793014196881767
8.6064706282098165 0.12193446128598141 1.8827206651953716 0.2578862863619783
7.2413751923580927 0.63641110335694706 0.95095773181151388 0.49091095894002035
8.0341836138285707 0.88967623743186253 1.4613513521887189 0.33827198947954129
8.6123774832145692 0.58689205273515876 1.9020605001816548 0.18606425914287755
8.772283103904293 0.16411194693728628 1.1177051546451067 0.39988015910971408
7.2377097626857854 0.28030085238545538 0.7348866980160268 0.60368091751006858
8.7522367190645465 0.53467267321928524 1.564046212088809 0.34154691548918947
8.8961493152690565 0.72152510565127903 1.9893668645861047 0.27183400229052962
7.7265732063649812 0.80708413813690694 1.9106965899270563 0.41722268726892942
7.1724792187583919 0.76427754116223734 0.11235083742744367 0.76002852215041095
7.2968733573739595 0.48878951834330731 1.4110342467515591 0.4721791476477909
8.3739801492178731 0.86273789205123241 1.3552454413430177 0.16867065977486917
8.8240468674116368 0.32589603221985924 0.43585967062774422 0.64310201075020301
8.7506222768907929 0.81739037112195356 0.8947920250328828 0.23036089633776285
7.8250337198944191 0.41356989196166871 0.53311349201286939 0.73370127029014987
7.3813397508380163 0.82651768491119582 1.1290315306661205 0.61233400184862707
8.2640003014865311 0.25940055275692753 0.48749763478417762 0.31084408444052913
8.0835912845337994 0.79821083589433628 1.1420167809209565 0.42430692877981213
8.027784300571744 0.77095315873361081 1.4015639447004684 0.23080203658835913
7.029730841326483 0.34527001342161656 1.1539496084977803 0.4626750503357504
8.6801258430597397 0.72724985343814463 1.7248769983019907 0.28850461588397924
8.2957718528651743 0.58182608616231901 0.86665189084489702 0.40661649498990482
8.2989182168604358 0.48179287308428564 0.27510184960411727 0.63417959680822822
7.2023138058377763 0.17922575049328654 1.2846467294283401 0.56275939245867224
7.8689214498750326 0.80229036513260799 1.2987912317641064 0.74959318379988926
7.9485530783775777 0.17919891147955905 0.84377454410099262 0.24869970569781127
7.1048927764059426 0.67981627275788803 0.21175865250122172 0.32166121220722399
7.0692823648612251 0.34154308183030269 1.0424077131188978 0.2466264784136768
8.3740517317472651 0.12900452222111844 1.8790776280428414 0.13289363673235932
8.3283422888566481 0.59227032955800174 0.65388968960392257 0.18918610514474068
7.9779053568114477 0.22098999803888486 1.6136083754862447 0.31800254171136189
8.9711045597871113 0.62205107341258825 1.0963102725714566 0.19385048617479869
7.9566057619347825 0.51218983347870983 0.1673089105950262 0.5751283895932332
7.5266949384134278 0.50541347386020463 0.21877927270649417 0.36662139105984093
8.5173142489023537 0.54951051979803733 0.77125090284015052 0.78657506938167165
7.7843393042681139 0.65942515717448769 0.28297900078997107 0.48186085154385516
8.305597900940116 0.56112438419454491 1.6692302680199558 0.72517560188831465
7.9909849955696552 0.18194905817297102 1.3008821285670988 0.27629367609470579
7.6167819201138727 0.1352322720750147 1.1108621229645359 0.74394872462110884
8.2863280190595372 0.75302286064531654 0.11407363634167998 0.44354509653792917
8.5949228631329007 0.42076944569907382 1.452479514781982 0.78486306219687685
8.8828220054788964 0.88628569244643218 1.0827032320424927 0.23298191185633504
8.3245307699143112 0.40887146495184035 1.6321751120420775 0.34842631007318847
7.4143946098793263 0.11602100554202574 0.14581915261880762 0.69510532518269785
7.1246946911527944 0.62380764583953363 0.85026372526908056 0.30100971617791883
8.2724919307601166 0.26244160866077948 1.9470878705725412 0.55595729983307107
8.0894832218956765 0.33259143669669788 0.42513515110950506 0.36384759093539754
8.929235409811934 0.31131966350815299 0.57634826764694147 0.36933731569608208
8.8569543454482318 0.28209768945716729 0.673972246919884 0.46931354459267249
7.8006920063614098 0.11045676838207964 0.67020505381727613 0.41308633914189097
7.3405052315536325 0.2473849225990071 1.1149088710743051 0.31468762700301817
7.9110098361220063 0.86699963735838126 0.12012904717536285 0.56469010334343572
7.6662053016124601 0.89285114172945323 0.94193274448271169 0.72890661165037096
8.4131910694828047 0.40918352428594584 1.0727161729501615 0.49593355044794574
8.8759694498286184 0.4906767909868115 1.2506023779066828 0.10115759418486797
7.3219740369331845 0.77290313078789918 0.96284535798205095 0.42847449465833121
8.0090237052810096 0.59445960400651632 0.54833001121910396 0.3036368715334033
7.4174118885452271 0.41520020015951842 0.30910178779253106 0.7166809242752531
8.4437494881029131 0.24922703494965293 0.90599649280899619 0.19414024694771931
7.3782622842248626 0.89207503903254826 1.4452189700353244 0.49483884393343558
7.1926534394318011 0.84089022850336925 1.1389962320891225 0.43105623256488834
8.4269673928479722 0.67038386376561798 1.294021394661349 0.76136989941800337
8.4304292710972888 0.86626038996910626 0.39332946468470054 0.46193997868026504
8.3672845816417851 0.12686883331173116 0.30385128006796241 0.73827799956983675
7.0333295387683918 0.48440308908736662 1.7771769926729988 0.32823122490870221
7.2033932182449494 0.50776582101973866 0.65230238889954462 0.35131694340001407
8.0353201566710304 0.10177325193180309 0.35462987260699752 0.35844452833867901
8.0335785375193964 0.73276305066215097 1.3455415645012045 0.28672847279777786
7.6059344061272229 0.460320917192372 1.0406386421248712 0.69948602987372965
7.576200463808517 0.1623235818186049 0.36890296651718113 0.35176901238859704
8.8061844702690237 0.60738534791743082 0.96222747915044071 0.67137791694797777
8.3100616777422527 0.67749108500581301 0.12945770116096347 0.26827412927140815
7.6591899585822976 0.83483173641185238 1.5737596322662373 0.41708189194124734
7.3227517146002032 0.15223324330283033 1.1641830154626374 0.56789111717405361
7.890095790398405 0.41638814612533803 0.49252593828644486 0.14618910649433103
8.5106345977533024 0.32913285561366756 0.23349797379437723 0.18500981997260238
7.9865713919026273 0.6317524056160575 0.71523958322519621 0.37752195573770075
7.0779300008547317 0.15055575222331791 0.33718885588961023 0.44509953540970615
7.1211609883076088 0.14593951847389397 1.2431095018833747 0.32384835320125749
7.1594502053299616 0.54791431109731914 0.14289518703928156 0.79024772688252276
8.0297679579003454 0.27943296829769926 1.5490814048637289 0.488421954649079
8.7033089608840335 0.12560216366367422 0.89548551388501374 0.79817202419092159
8.1225874017306907 0.27127834140238516 0.74386749981804623 0.78051453828393358
7.9105640918036091 0.51447132250302752 1.7877692967047389 0.2551183281155544
7.8381913821330222 0.45354033920132031 0.23338377093531865 0.43167871984448047
8.0246586824285515 0.1053041853566796 1.814363396445769 0.51576445003333893
7.0943649061285718 0.56148753610441193 1.0098096285224021 0.60426955812795358
7.1707820127817685 0.13795074622498282 0.61283587417772256 0.18233029508898152
7.3868121754318929 0.33542617035492261 1.513633922638888 0.39319649254931277
7.5842137308816602 0.26903061263305272 1.2074001278636817 0.25321234690614169
7.5803278916987873 0.41506753744552383 0.30026116245111312 0.51903614212765714
8.037931464042007 0.74272496359787998 0.69523901747627859 0.64024732716627819
7.8572377031091234 0.83669172962485083 1.7941305134175842 0.44477563701968337
8.4503200827156384 0.63403788966147601 0.73179425553532318 0.31728812885546787
8.6928434368563003 0.87959974845151945 0.70215900908947593 0.67057458421128779
7.7813577105247305 0.81310655432900325 0.33309475829959023 0.6686998743672069
7.9498194777708182 0.72508287003566774 1.5668561230788303 0.26530155282301188
8.8404795888986243 0.40409824395306493 0.57539269508214763 0.52494956844233265
7.7558413528684147 0.47012238101911785 1.0880001725329709 0.74336896983420309
7.867448318063877 0.19599200811702291 1.1030072984995016 0.35265044808721835
8.1485899492107023 0.4483956322624093 1.5271091995146089 0.44183685419931429
8.4413255228288921 0.82423043320690315 0.47223534832036818 0.67231324678942916
7.525907627160751 0.69851276035533982 0.47973832742417699 0.79360592831150967
7.6278817430045356 0.61076097518404948 0.88400972529030464 0.66805777758079699
7.6792309271403303 0.35601400064992428 0.63043922777216144 0.15770963363751614
8.1606350958117595 0.68407484366715121 1.0702895456878874 0.6677735688044889
7.8617593852881109 0.89234411009275028 1.3119492287131533 0.15455777614280786
7.7360419306586987 0.36510257266957669 0.99230798243434082 0.21486269691615076
8.9596853574220763 0.65334333339101924 0.46788154771575985 0.41307162815881371
7.3331030641745993 0.26468431368864609 0.23755725712293574 0.62618108316749999
8.0440194022138218 0.8280615449584704 0.16908728359409841 0.75992287194240327
7.3607675984414911 0.83971990090354665 0.9376128977572622 0.48601956352919384
7.4415035056034364 0.56621937085508833 1.447660604622131 0.62086490636603753
7.4752073351372683 0.5176029679911055 1.9414710760311729 0.77022173630567659
7.9523611797090545 0.62014531190449185 1.2434735098086789 0.17638397125658672
8.906521929547365 0.59195861728253729 0.7910865924620879 0.7978372057076667
8.2398084338441997 0.12500903205132169 1.8842255029612884 0.59927476053202178
8.8370613595802734 0.32070546243102249 1.073634796446044 0.20098322747562508
8.3188296164944937 0.7938984967473165 1.2953044481856062 0.18633341562167399
7.4891077832630328 0.48994327035383101 1.4089603573619567 0.29467238549060393
7.8216197952998581 0.35463725659779533 0.30285491135366827 0.40893607414416711
8.9317513525267564 0.38201562088338437 1.9651855779847425 0.31137889864354656
8.4999741654073109 0.68575586993985449 0.90022883236803597 0.60496950885213985
7.2508905954372969 0.60921333853063775 0.44303324335442185 0.37285792693895725
8.3773140640390746 0.17219413018355834 0.58891546341160317 0.14642097404950208
7.5786060333832967 0.19027878936471232 0.63379157154441534 0.30108422791487405
8.2503799229614465 0.8598403600739507 1.4844728274582046 0.51916797513093049
7.7929715827474322 0.26268993590869788 0.68282931113879741 0.58583776855499747
8.804821306944465 0.20034960554069747 0.63773750505872373 0.63967460527239028
8.9006551469367245 0.68803405884980084 1.6020307761303849 0.42185077195151166
8.8365328344153617 0.43779019147306675 1.7397112536333497 0.5663974069209935
7.8585428702775193 0.86496932260115023 1.0870418734020415 0.38587634074015542
8.1162644074618946 0.55354042149401017 1.3392606209046962 0.12033893977051213
7.6333658105087716 0.79214948955444009 1.4202334321253414 0.64268283249081837
8.9128689115892232 0.8942587708896016 0.50206440198724644 0.41140599477645257
7.4452618781197275 0.10729547932169084 0.33177260143297843 0.28318466989424385
8.1955378502150804 0.40038367570523425 1.1510229745900695 0.22078558283816058
7.9629238628364973 0.83465008035481814 0.80111399404238193 0.77201485996239638
8.2379062968941401 0.57279563630928187 0.48409346887026206 0.18339968287670419
7.4622404057356597 0.20522615853945217 0.54069994009275624 0.44124315760663402
8.8893012947363648 0.71509615758826495 1.7015551274043961 0.58439950597174639
7.3484406755066747 0.83906873595806852 0.88180345473780619 0.13146489681214776
8.7537510455104517 0.78612570916494207 0.85106014821193077 0.7076657555080591
7.6510261839558327 0.66277313918266467 0.26577015716393515 0.41965718180018152
8.3846230957719161 0.19847809913282152 1.8998030580662877 0.71138591781340588
7.8860359775878743 0.22593380035000143 0.43931276817652898 0.40581418419937842
7.0017332728424924 0.89319543310969862 1.4363159378009827 0.50773082920324664
7.7951722880932692 0.22382446459851169 1.5619240699127361 0.32586289827109438
7.2716172464662181 0.22321574450285409 0.50876212166226409 0.51441679371469984
7.6403834617095825 0.87687215784957728 1.7342599023184444 0.1681440455152014
8.4527583099714168 0.6452569366073807 0.35428496529897191 0.20506578242777385
8.7513675932462114 0.89480697926704778 1.3210908151847756 0.55705289236062805
8.1508553392581913 0.68396732856798281 1.7463159009271814 0.39676283886703345
7.1630723113007724 0.48341354209814269 1.0569566287629941 0.71084006716357251
8.2927232560352522 0.82961715016979054 1.6878876120902035 0.75007362208794925
7.2711680206351454 0.53822111912009063 0.61584850150910286 0.11659293535980414
8.6091897702977143 0.49013903886542454 0.82590509832574055 0.77142048047937839
7.8737631523609597 0.526685943980853 1.2717918280136704 0.78955944204564354
8.6709609743254514 0.60289565847314341 1.3669285651728456 0.46697923690002008
8.7919578787170725 0.60252693223395737 1.215201091348914 0.56549433062267407
7.3658023965840185 0.17994496067971105 1.7029064763190664 0.77923622607614629
8.0133766478443054 0.38787044466363507 1.4644695308250499 0.32513072346933447
8.2121387519918549 0.72850675146347077 1.1809058884562635 0.53067786017189911
7.9973367969212257 0.4385281115436519 1.3031244042420751 0.76449825908001867
7.143265593653525 0.48684263983480347 1.2630575213123436 0.40544109953524032
8.7047189235512565 0.48898989049735042 1.6792261468939427 0.54465227619413015
8.4117012032457552 0.48040700952529003 0.89679689458086886 0.37138935266077344
8.6523997823931484 0.50526093351617041 1.3357495808532358 0.74881001640946598
7.4382723191120892 0.53428761960732696 1.5498724638125645 0.51230062873293536
7.2832435424035635 0.70999898820750296 0.86558376340153265 0.531824164664773
8.1538242916920076 0.67173461407596735 0.58440471506336689 0.54236791225966463
8.0385709881059277 0.70697181652210439 0.58134925245165703 0.71730099295847227
8.7172290682396376 0.4596616436962595 0.63266365308847106 0.1151192208286945
7.3600690665399906 0.1360799151012774 0.4992631517129027 0.44411191012467854
8.5659734810403663 0.14190448894958815 1.2321971522646313 0.77537971391425575
7.8415957075765519 0.36681673573551632 1.843922768556097 0.40502569219216733
8.3510687630647382 0.21753410397048184 0.76991547348475287 0.70901260256952203
8.2932074392827015 0.67418717260458227 1.7518204983967465 0.51216008264358048
8.0304432099942034 0.63594474156794423 0.1048782679078757 0.61685306351746072
7.7128183421326622 0.77782654777658522 1.3378727792165728 0.22925525909738531
7.9715728782979332 0.70803391825352591 0.37826566530102801 0.38406414993364979
7.1992148627380059 0.12052279294182297 1.4865490893231061 0.67745290458255658
8.6750519503393928 0.80379695222656578 1.8738825425288845 0.21210968682876569
7.4526180166645428 0.88740266715762617 1.3560198010284712 0.1697673838889226
8.0557897256881041 0.81433584959804617 0.75789567138302116 0.22877038529019028
7.9166376730348418 0.61318484513295979 1.6671061018149245 0.6958111518261485
8.5400365296097256 0.2206456772735983 1.4674349799540931 0.30031709147852392
8.6479165900967914 0.14932779881650804 1.1135073679792424 0.29676228078969902
8.4057902007679175 0.39615953205535737 1.6091143609726355 0.42266274393945669
8.6955734468898243 0.17136941745412781 0.52874413668415343 0.75521348034250901
8.9396783658705008 0.47731937021190451 0.2768285068410542 0.75086762325565393
8.239194738551868 0.81922019093232012 0.83432073143266661 0.59299151577872933
7.5921132641096749 0.61942138811574643 1.8825748638626014 0.33169960430964335
7.1519519795094695 0.83984121969177117 1.7447907946299299 0.61970974693148084
8.3165325866711424 0.54745484971091818 1.674799054925755 0.38103534159915065
8.8334389316485566 0.71120284201581252 0.69975517824191213 0.6992967330831602
7.5504497136528608 0.46099444497047848 0.59973352394548773 0.15721640928468039
7.6893440483852045 0.10332006014028602 0.18188465778099189 0.68600865160750801
7.2044254260464182 0.24558026823833889 1.6853868736124471 0.43560394595706342
7.7026957494991004 0.62169098702331937 0.61132896842296103 0.44731303131911515
7.5423362645640628 0.42584405871924691 1.2414186238845135 0.47627773648054794
8.5754513964563266 0.68193454342426296 1.048314683427626 0.21705939973981964
7.0750985522208625 0.43186422424298021 1.5786557177142646 0.17527502048000443
7.9263161267109039 0.44640715696969491 1.1727196958449499 0.23608430478454004
7.1872709850259771 0.51592783489180061 0.1657785435522216 0.66798262423727517
7.6569456504786064 0.89696513576687431 1.0304106562260391 0.1759961446098236
8.3409478942909825 0.27027050674264608 0.93740931979818554 0.42347612463810247
7.2276149252432624 0.27774754935117862 0.87512752513108205 0.78224066638523648
8.6656511128655573 0.53874011468796168 1.3098962182427769 0.13618912660851598
8.2532366910076469 0.5312863872917114 1.5293574957953362 0.34146253705823471
8.424548142757839 0.65190222690813548 1.478131271707902 0.12900775754781252
7.1445366333044493 0.531625573397563 0.26329638563452151 0.72833811432592621
8.5629674059900811 0.28115378110694905 0.30613782405094569 0.44032568044289944
7.893700810392918 0.68161811757976554 0.52191237280690395 0.64204739175924197
8.8956090402947261 0.89904503233899702 1.3074670121261358 0.12493005461327884
7.3319420872944621 0.24179472444674141 1.6560797059154002 0.66186697516693038
7.9091236145532804 0.36822669117131235 1.6405541980168876 0.62467203163482643
8.7087194323100281 0.3474187331666273 1.7122112152593589 0.76052460178164327
7.5978804113012268 0.79269004261558718 0.20520310617190696 0.24844058120488893
7.1215041380596018 0.7245921630997304 0.6882453305800128 0.28239267517974154
7.9933387289538356 0.53484131337028173 1.6250951829265179 0.65617383355213565
7.0894572199237347 0.15404334096507155 0.91912958400123979 0.77238309845273889
7.9396614786460225 0.70213770051440094 1.4235146161808465 0.38939683329757868
7.1290140756515221 0.1877709950283859 1.7249826688376071 0.68901777041847057
7.3960294678042251 0.72205230265497211 0.54650613924098312 0.24042483116535202
8.5079133537280232 0.39789949300153749 1.8392784909377944 0.79719767812988318
8.9798127305207309 0.27968456678342857 0.72907711092398086 0.61554174501494563
7.4482361962818757 0.79930738358876674 0.59016368456840651 0.28568736627593366
7.3169755370692906 0.53542016656158686 0.36288273571556662 0.41363352118616403
8.1892116702595334 0.8601760176875004 0.93909425927358325 0.48921042377937229
8.4370562228313837 0.29634177273121542 0.7616123493420186 0.66192994316040377
8.2355991278194747 0.57479347497065414 1.5558855667979683 0.16679242022637808
7.404431437288892 0.66289946072304073 1.8600789283716215 0.13538027899136812
8.7180168786497205 0.16432146563166941 0.78156234255119983 0.63101969323770946
8.0560968133724433 0.79516133671345501 0.32496107348175118 0.51940667944709706
8.2919956429619237 0.27010148716916005 1.0491574215256088 0.14942695124922362
7.733427691578564 0.61267563949723958 0.67966157077948208 0.36451916307139609
8.3325532749286779 0.45537443553403456 1.5049654836451081 0.56551376145209198
7.7082681542603435 0.67667866784905994 1.7477489918835145 0.32025120883442615
8.6977134353012069 0.6502420000062511 1.7291300045418281 0.12665586169485932
7.6504239489380135 0.60183422026786648 0.67496446352657136 0.26616421449806715
8.3569721712907779 0.23053204803437893 0.78683539289740767 0.3920330792687603
8.8250709672362362 0.10119371593321815 1.1765344183757627 0.14162359549390555
8.2923819138130916 0.56189491890000887 1.3257003775027045 0.23127953586229089
8.7781374962791503 0.52041252758242973 1.394863774957765 0.46715081092905897
8.5066457129986137 0.69713242308136358 1.1663169865763887 0.25973400368725269
7.1091898277255074 0.20366001607283393 0.76280554494486552 0.78535939241849273
7.6837689242833438 0.36174327748490998 0.24938912030039631 0.71231771451154813
7.2065144014543261 0.26217628275630422 1.5486080182819899 0.39517372906374537
8.2855940649218915 0.29493899056648809 1.7799248405871095 0.74558502203642429
8.1248635637393587 0.2635157691441874 1.6199731684173568 0.63180264772509176
8.1368629945786459 0.73345137650051839 0.91269290799433922 0.53660689848231302
8.7494300360435115 0.79645741357837474 0.43331727991099922 0.63262036587420356
7.1660788368181221 0.48280904645691081 1.4876919389312713 0.13318853381828705
8.3860856562476158 0.53847809300901461 0.49392154705371472 0.50691007262722743
7.9157996137254143 0.17055592476313602 1.0764453339831204 0.74777802518333114
7.8191265031342692 0.14271816183013547 1.2334262433042811 0.37448027761571745
8.809297110197722 0.7154450090360277 0.53757580896064761 0.38738993664386934
8.7104823814724561 0.55806987869850888 1.1658311914090762 0.39491774352490772
7.7872536428487535 0.51753942482335658 1.5674229533887327 0.68805360641042612
8.5369474599951189 0.1171119388692644 0.3831946829191305 0.72813538705261227
8.5025213519921152 0.23549575074416418 0.62109454163242162 0.70941646846837403
7.0080512486720519 0.15604576106695389 0.62453973530560369 0.75485770629964122
8.296632505817124 0.75700751791607512 1.6458446125386563 0.58784813923657886
7.4533126771799649 0.89358112440818072 0.98983758675260203 0.51556594035695114
7.0265626012469173 0.48958095545176883 1.4692813972406269 0.21896523676949331
7.7314946000173403 0.20253928669811957 1.4733595380151425 0.41604404758447544
8.2341790673317341 0.79296535806308521 1.9738752813222262 0.22748071137988113
7.7955861193805518 0.7343721119409945 1.796437137695557 0.60275611912296168
8.7339851722683353 0.89010540608842481 1.904716675309184 0.73090601885944784
8.4872913227627489 0.86592897304222782 1.1504671065744443 0.23396497815494022
8.4593464877976583 0.18213290238537455 1.6678034399201893 0.47492688030011454
8.363519207369837 0.67151203781202251 1.6641395006764477 0.67555305579612146
7.7238128358139164 0.57105849107905182 0.85775251158902521 0.22256320729410006
8.1042768637841753 0.81128828353436055 0.36218817270216452 0.26210946436976212
7.6110513599629535 0.25404611748192407 0.2907825157136078 0.36884458184713786
7.7040035232937951 0.81335417207805993 0.15715763471704897 0.50952908321663659
7.2972835162398653 0.85002397290652021 0.42032037412325329 0.13667557412978049
8.8509024263185339 0.58742293236191612 1.8088954791416032 0.20686237955404307
7.528863919042454 0.53453855314064469 0.1752479819902994 0.14465466744418978
8.5283052980163134 0.48840242647662013 1.2052885240611149 0.74096684613166031
8.4617313037380608 0.82368517625687943 1.4855824053222333 0.15626608925614494
8.6145523229025809 0.66089594600913437 1.5126265351756842 0.36951747954515912
8.5148771041479208 0.75333587005896063 0.17366997613696128 0.63333192218939471
8.0511087306128761 0.85428716177552511 1.8955936358559065 0.72588810479924859
7.288391058234426 0.41140549205575727 1.5879442043065288 0.38059337585195463
7.7358357204442525 0.50401766008244064 0.83650036329245625 0.57507206445296533
8.4548558634611002 0.60586788509696254 0.2734972990673995 0.26909186782536221
8.9167721749146747 0.88015292287667657 1.3794779983572489 0.51262966513627306
8.6738118859677282 0.84436472777121163 0.23419859284504377 0.6535805262475789
7.7848769620948897 0.74284669591068331 1.1079359719271042 0.43183964813820874
7.831534161933134 0.80881893581101572 0.37959403186940988 0.31317237189779712
7.1930939342485471 0.71195599861915204 0.321048572474053 0.77844769095662714
7.2951339146534018 0.66817842734555777 1.0643305675748875 0.18707089223839729
7.2230255936712755 0.75171426387306839 1.457497129277141 0.12303331114683017
7.0163867083317255 0.16342483048232878 1.6257991191219976 0.41910432835168032
7.7995636133096982 0.83055988074378395 1.9626366678857554 0.53915204738948885
8.6596629791184991 0.85205013091497983 1.5815370067095593 0.1110325210176563
8.3882765858555111 0.19249337453695775 1.6978404897496033 0.13450952311586353
7.4126086470520702 0.48425775559178141 1.3482117674636358 0.40176966808372738
7.6629341503187911 0.87486006138198924 1.294456081821648 0.50462209295436034
7.6314248606681909 0.43969291441016567 1.7176294706940822 0.70732232470383993
7.3859398262304667 0.26543445288588652 1.3237462555592769 0.39733689360079594
7.067325022820885 0.85475732220789336 0.75322327742423234 0.32220903289599823
7.9785114549043952 0.8893236102239841 1.6185236654814965 0.19245404987302089
8.6485681832394139 0.16536666505515168 1.9296417030940047 0.77765544347905791
8.8399672198718093 0.65262485316182561 1.3123257039378404 0.25611981362005926
7.3564605895673738 0.27086995864518193 0.73508540740324702 0.23196242687894247
7.4422531651661048 0.88577620552200154 0.57733129033577246 0.13070374892998143
8.640252639606981 0.15921779204891651 1.0746458423202494 0.23362290746753839
7.0346852503101278 0.29378441488607704 0.72662752394296826 0.6036001048888715
8.8123853420783487 0.32693587952567166 1.7100479104089559 0.18054736778175595
7.4856372685258954 0.71979565326395079 1.6219515950961225 0.48160870204123996
7.8956821543842111 0.27560947584062512 1.849073486701585 0.53746398641893267
8.3793477197090596 0.53276410714357147 0.51214692492893343 0.5989983449801829
7.2490048630316686 0.6642775159423151 0.62864342226460568 0.49000540222734257
8.9451604534356708 0.22872385955514668 1.5871517652053473 0.74663877484746266
7.9781598140459966 0.61891127563688508 0.77074775968553699 0.46982286103626647
8.1931337269809639 0.35244443564634542 1.0630809124793426 0.36473203779857588
7.061640448483316 0.84336732766059475 0.6889550168259907 0.43347665814689329
7.9040631164523756 0.62352714116187813 1.280807076478933 0.24766687480387875
7.5813193150942277 0.70744290169071988 1.6123780845081512 0.11158880247123064
8.5901027886388253 0.60033916370618634 1.1568021528360581 0.21426200976437934
8.8886700537002703 0.30725145487823036 1.2120208826110916 0.72204524598814934
7.4401401228660671 0.11450474543510684 0.61971906040237668 0.67136846138539497
8.8298995231573727 0.11548185307298534 1.7914611446873454 0.22475501961987032
7.813376067728969 0.63200613087821389 1.28708306351684 0.10717853605900554
7.7911985379849353 0.77032138085449398 0.64812127055781477 0.19011591512671466
7.0011139006025864 0.30305100525906381 0.17043308413747621 0.59679192072595377
7.468735765381628 0.20435646190105827 1.9944188872944852 0.29720724790092112
8.150083768079643 0.59026290501306122 1.4280981375416171 0.33411692753709055
7.3873642573013756 0.49534721526003545 0.42348324684519745 0.59261662459539932
8.2506771444014397 0.67368988324570178 0.38921172831055428 0.22827220321677769
7.2730429316287424 0.71869156848705396 1.5208234796555882 0.74119599168329842
7.8458871170144144 0.34592475558358837 0.29246513949021075 0.51726203038901353
7.3298980547730137 0.73925584994179094 1.3969675105408825 0.31585192962535413
8.3254727536037834 0.77612125083706762 0.10616392037104935 0.62182721479808856
7.8800687307666264 0.71440244840863565 1.9518201348320847 0.50188338155262235
7.1228806931780353 0.60764888780492121 0.94280577035876467 0.69915951353099914
8.2113567318637344 0.25643458385973228 0.91386978114943551 0.36650717883250283
8.2619534921702886 0.40435344961009734 0.63225155267303867 0.25681443158839856
7.9636494702386704 0.20473724884721206 1.8466922807251789 0.36828087764770612
7.2242739937029024 0.3393911289506647 1.7599211002603217 0.57239562117385823
7.5835272919497703 0.32406450999434178 0.3713931901201204 0.15079315315292136
8.4794269654879102 0.76416366846437034 0.36402900249280334 0.13505869853034771
8.8189102904709973 0.4229651235585854 1.9660843711084048 0.50869832845855245
8.4017137362167365 0.52190674167782325 1.0647290297824648 0.49098680054347199
8.5500006438140748 0.88394674070430079 1.2703662138214851 0.75787610555756701
7.4870596057406997 0.3583410417902666 1.7057988020429069 0.30923978630667326
7.6082689610609577 0.73644688818916493 1.9513857862463762 0.62415226618124153
7.6610754444879783 0.22821868242546356 0.87181188389653452 0.5660293655619909
7.5150714655793776 0.82114109325137397 1.9336078347611998 0.1610920317480507
7.0566147703668136 0.82868099925479155 1.9187286951466849 0.61723062453644006
8.7811356658309165 0.13339282769045674 0.48654014334128459 0.43614643648152152
7.6589655106544043 0.62984431733134605 0.32336735443923531 0.69408463137853982
8.535321498919469 0.18051451978921207 0.83733537782913836 0.31273144597407027
7.5091256487148463 0.7219849288642527 1.3191110419361562 0.60688912334747724
8.5349493636350768 0.5929882274942504 1.2184546873574984 0.28907477804133963
8.4963669136221522 0.44635623464122831 1.8352898663425066 0.33072348708885502
7.6232982260785205 0.13879201206678032 0.13312653003887143 0.39413474408254368
8.3288495705825945 0.57321705667916922 0.12417666842090827 0.69252845015723685
8.7251943772493856 0.4922022267033197 1.5370634280077098 0.73616373013095804
7.5489142301720422 0.861538628219645 0.2849783289544322 0.57431692268362899
7.9154807183405937 0.45241210078052652 0.98411949504749374 0.16293680910636499
7.6815503764920923 0.15252473370880859 1.2445333341664191 0.23831422862616933
8.0015695158729621 0.5088435731495633 0.58634331275587714 0.28659682649027907
8.5715801802228757 0.18062987731876848 0.55869678214754714 0.4734061357162701
7.9650290343539902 0.43432022493808686 0.65569124069404539 0.62794395036103245
8.7482675137489831 0.47763671874247482 1.8308571867000114 0.41788912180242455
8.1580616656431069 0.37572926710877053 0.92328896770916469 0.7110966811960765
7.6547848532202805 0.77208419892795177 1.3288244024442799 0.14538068115995229
7.4651537732284057 0.80737669125277856 0.37781887028465133 0.69997878380312262
7.779981160089438 0.51607582268503505 1.8231127690420381 0.69384077646033382
7.0580423955537777 0.28526005521768039 1.1617074696731291 0.55915084840047324
7.3099250779869642 0.13445280543388768 0.50592339442395495 0.2523833680955021
7.9513135460462889 0.88140986800822274 1.3931224014267147 0.69020327195970721
8.2271048820948973 0.25338100537321717 0.29996918748179408 0.10493294136529908
7.7223436642223602 0.58399184075059318 1.9561354219140279 0.23070510373522798
8.3705832711774466 0.10135428965422398 0.65758359474419703 0.40338137609748914
8.7014987616989092 0.59525792112303311 1.8435927168032911 0.4046254804156848
7.2154350402763523 0.39559087064591858 0.94791639531035188 0.25049360675196453
8.4450084742788469 0.52584128549252396 0.74289857458097996 0.19929448143217338
8.3202904962632527 0.40142398101679089 0.98266529737529396 0.71942252768310921
7.3059031763757885 0.29758456522602983 0.17788570639420231 0.53223207621775914
7.9855668108893942 0.31482462379150117 1.3873266706622931 0.41464415457838766
8.6905604462093606 0.75423023340690143 1.2255122023728622 0.44691751644256328
8.6577490228544178 0.34739713240038705 1.9464401948775785 0.38784384422369378
8.6427464125022428 0.10681842958346226 1.3241886133540424 0.28876423242150501
7.4909941944658076 0.67241369474455248 0.12622615778583884 0.70115884178554955
8.4982952803563663 0.70586126326331633 0.11671668036049089 0.22432988007140756
8.9834821205245685 0.63239796004935012 1.6814422537994216 0.58541221725757098
8.6871298458962549 0.45011552525989096 1.144128264883608 0.55768421747565156
8.9344174798111524 0.61374160919581056 1.5043323924268392 0.2830410596315468
7.1833720663973635 0.58459932404073489 1.6387128656944883 0.20924741422618259
7.4106392623581625 0.88801802124578466 0.70137725740007317 0.57215359335113625
7.9643487379109663 0.58353023691807893 1.0804335855615819 0.3762021607452013
8.5288821169766482 0.32505700380315705 1.7986433365544314 0.38992902669479523
8.1735435171164994 0.82258899050496426 0.1770170060243344 0.59778581131939712
8.2852719216724058 0.66514558555605785 1.9596580970626227 0.36234136333817801
8.099754737414786 0.25233024683188798 1.0939528835810268 0.12209960020079899
8.1572481939210313 0.80083823959598488 0.6490624117957895 0.30129847663122394
8.4682584696438816 0.52833431769780048 0.31000475415997319 0.41234510633873578
7.4233284364740584 0.29502024672413429 1.9832285463770642 0.75743220980579129
7.7794208380187504 0.27176690483100036 0.96327383512731046 0.30597367295510586
8.2881409919396702 0.36199857182244355 0.18991620733429465 0.18823906509152627
8.3377290331807927 0.1883093333549343 1.2387692065893889 0.18665643157893408
7.5528781143630432 0.34240087065251978 1.0270978444110215 0.26800043759468894
8.2819460788365173 0.44570641024154956 0.39726801673360301 0.31681258951258451
7.8659111716363634 0.76220082909120046 1.7715147799892079 0.65993535203721065
8.4010049085392158 0.34935163642571632 0.44241519853117428 0.28625500736261822
8.0863896459456228 0.50347848916962967 0.33894206726464171 0.61336271474168691
8.2693311344449913 0.77524961908538903 0.4855403915100418 0.30607210369362658
8.1087926248815325 0.29214675353245845 0.56115593057151325 0.33332251388618961
7.3553654940613278 0.55484924012708448 0.55204712831082381 0.59237507782411991
7.134589887767941 0.43175147404296932 1.2740798073236297 0.55483260513054977
7.8406234916569844 0.23156697268874893 1.4964620847843917 0.55064689209005024
8.5337301506812899 0.7435068374878534 1.8205612292712001 0.59451549605123444
7.6734075508147184 0.40332636974331404 1.4773413243505811 0.32426505175051368
7.3304555822119459 0.60153401033207243 0.37406049985349743 0.24194545904132456
8.4752133791450177 0.2388331417190214 0.76722413637091014 0.26757832579633806
7.3725887552611713 0.74248864728509079 0.62816125585760219 0.74083314596718608
8.8548646869492682 0.55384702154164633 1.0333707619797001 0.29022641823033918
7.6303884084682458 0.89583468152629364 1.344875085715258 0.3405123671708768
7.8070583792988808 0.77387968684483022 1.3154085319708824 0.37498184758056574
8.1341083237862684 0.27427924952307803 0.86298184541445033 0.24325676650183076
7.6354022276182283 0.11257082458799139 1.0359369254280308 0.49836601299083716
8.1469809058123506 0.57699802035737935 0.5156441980553329 0.65841976784450407
7.6868713417340278 0.62146161215129192 1.7353886032895709 0.4266094642782392
7.3350382322944503 0.25290813702789194 0.68475841307841845 0.40922592779979627
7.1827445710941928 0.77445810636480594 1.3527257704724434 0.27418799323361642
8.8648066962725771 0.2531832350784593 1.5769802323557549 0.28742604497508151
8.7038439891396209 0.16640168980143027 0.64522002653475852 0.23780693304643075
7.0512402767017894 0.87722906241025123 0.94016445088777456 0.25401895958823217
7.830272676867267 0.54776267238324527 0.24987225780467334 0.50883087978615149
8.248956527291039 0.20693469839107168 1.0072264487314906 0.78551821034252867
8.0701212107091767 0.58096041084166183 1.257471759712985 0.7686815626396829
7.8486707832856855 0.57801435067606 0.46607182513088152 0.20416708385933607
8.4037234824953213 0.11573768602677643 0.75169452446066398 0.29583451090933011
8.0415608050625593 0.87637922198030804 0.58451904289185852 0.37166894274474593
8.9223194242203387 0.76328257137382227 1.1664710112586736 0.72467462036714037
8.1060616621617889 0.70491485782718788 0.18354558689787817 0.14267360432149753
7.974972275982017 0.19935605418835592 1.2929749597003928 0.65090267337165375
7.8531304073994095 0.21503610681654026 1.7080333391886642 0.21030266247783447
7.4272341864517539 0.53649112701863222 1.5325011758033027 0.28510335028655015
7.6696771376046859 0.36666841319232624 0.24828627017444244 0.30764394757759106
8.6189929785906632 0.47188148523412676 1.3512921803158882 0.28733447461196415
7.6323280007040575 0.58056330145267265 0.49083779248038684 0.25927296601291516
7.2671218595035265 0.36271748959791761 1.8494982193002509 0.36399355613085349
7.2388877595461327 0.21184998201642688 1.4467776708352527 0.64195804622788044
7.4676778785773692 0.72909420801959346 0.56469156997100844 0.3096506741474857
8.6869501693129667 0.87716733288885296 1.4604981020905661 0.23624044305333289
8.5355302010307916 0.88067958427732318 0.52279218692055485 0.26052728599030289
8.2251614100010713 0.71928154015476564 1.8937077810139695 0.6920364745641242
8.9584230837600067 0.78063687718413155 1.7163157020766737 0.70461514997522434
7.7875700201399036 0.27695341753960845 1.6045811075917094 0.6367990382501687
7.2829336650891143 0.39778518583116218 1.2063919256750182 0.61744149518230318
7.789102666335916 0.79355500587756767 0.63945858692560853 0.46825992533560457
8.3782803150466787 0.58158375728207934 1.1784057782282804 0.11593216731662119
8.0711353232589289 0.43268120042197633 0.63743173648799356 0.70705787969729617
8.9334753573448413 0.15671918718525096 1.8185831948850659 0.50061168789361299
8.8385958116037457 0.73947956586874142 1.0073262282760338 0.33565239887048015
8.2199667370439826 0.19902547407958579 1.8227757715726864 0.723425901652062
7.1680149782841927 0.8602967896165773 1.3618729210892513 0.34485032697673379
7.44942093845264 0.61505306278171612 0.7195950990647384 0.33917162170799209
7.6244083634806135 0.22651518401409457 1.6842006349833569 0.22106934171603837
8.6451653066778817 0.38857910206640023 1.6325310948118852 0.15030583475363013
7.9936508659010794 0.59488697408885838 0.61724724224727456 0.58232672145354181
8.9018351532483067 0.60522123689940965 0.49876617864423745 0.56434677933418076
7.2855934811731942 0.15006028839574123 1.3533005844800372 0.34603753420812644
7.1732578525277688 0.19047784468863146 0.80160160739635522 0.23513641329607154
8.6546511490061917 0.59210508005634455 0.50063834242878336 0.70060105830886055
8.4466305161248236 0.37345710331628401 1.6174693604571282 0.65226799744969277
7.7746753435074751 0.42978992426903284 0.85498566542830146 0.34324873324458854
8.8881064390350737 0.12813327204830804 0.51385078073356394 0.33707733633943759
8.2352738395405023 0.59098623554966601 0.90856162577535027 0.30503845418628572
7.4773666567155566 0.60339330100254684 1.0522599308190574 0.37360207378665045
8.39539590088898 0.33623833855347796 1.2211183006594375 0.76762813777735273
7.5062104374311396 0.18603796306413622 0.92636499851820009 0.57552469270240347
7.0772770532208291 0.19338096559709908 1.1273282005869967 0.71409882442511696
7.8129580672039003 0.38610315520377736 1.1844845670253923 0.40108869165854832
7.0833237043959247 0.2250098403848077 1.1220331558999839 0.4331010423885524
7.8962618078565781 0.25010500201645069 0.58309500359402 0.5315684852491348
7.2990193034952311 0.77987535848299461 0.59672807871108713 0.47118592214384247
8.8223684181437623 0.69507724566677387 0.37630482874136884 0.32354942466878922
7.699440693119401 0.37112789826927806 0.99933594170781725 0.43752869423346286
8.6930315389206267 0.52921083817752723 0.66463136568237724 0.68226520948006764
7.1531542486911865 0.87118735094938737 1.1010629663799978 0.73584306720279236
7.6903031785020843 0.20289717924239137 1.9478218026604146 0.47015675333660589
7.0960028143264253 0.56918619831827522 0.9750694500709387 0.22513162032879069
7.7196185542913849 0.65350444876587355 1.6072525712579802 0.56984709476382478
7.2781158937221653 0.16182763869737823 0.17271310839924203 0.21576789422110787
8.5261327359868631 0.3143613731338995 0.67631776070807259 0.22587229887976634
8.50072793118599 0.74018975063586445 1.5763756400568394 0.49251379577886956
7.7152336026914501 0.56388502152773146 0.69769602592607449 0.48631024878082008
7.1565491388887885 0.37858300873386241 0.55471820425883123 0.60955757618311712
8.4066476619718635 0.29960115262160592 1.4451417713297454 0.5450626361953641
7.6154856749764139 0.37924984681537921 1.5511466885897822 0.68618230022890447
7.6985155048189204 0.30531520879633761 0.12192648261460468 0.17897028128990927
7.1082788752003765 0.61557091853614132 1.8726871955147104 0.43963062596518421
7.3262028185221109 0.62544888018992473 0.24449392386992466 0.42938183099498362
8.7772660510433678 0.66230488215720396 0.7517340899384819 0.45054758495767722
8.4086952206663135 0.63944719712121967 1.2203706870575621 0.42320874400226471
8.0504440588337616 0.35987963530067435 0.28751654081883671 0.19200359313428605
7.510732692499877 0.62923354814785148 0.45770080252460499 0.75601381630224695
7.8856617697409419 0.21220920182059552 1.6808034174301478 0.62669353927784788
8.3875633046196487 0.41164855119869492 0.4885806974326079 0.73947004537193495
7.7004404695152582 0.38304942554146337 0.68582348239250468 0.35600726212156653
7.8603806839646335 0.54156315992480153 1.1818582752328453 0.15138637420103337
7.4764206730122016 0.81529712884576844 1.6523858516602805 0.40657570897279571
7.629509146639748 0.1732853811479734 1.7411736873195136 0.78252182600549813
7.341128622882902 0.32927620201158492 0.98446228417669246 0.45542537358009361
7.7468089496201546 0.50117880800694747 1.2734164030527388 0.18268529763969685
8.4737841952779771 0.44285777795527637 0.22788667728677273 0.36787069481357237
7.0300457224033526 0.66887318603371648 1.2272441634527922 0.45541677889814014
8.614490774536371 0.46653137954524415 1.2101604083843689 0.62935219439855505
7.2922513341616284 0.39089625527749905 0.46203240735750795 0.12271929592743436
8.4674630793579979 0.44932553673388109 1.7095492345533909 0.46752529549709154
7.9312007276665346 0.78713175676569092 1.0095457264564942 0.45947816549811527
7.2353675531465615 0.83431300921467411 0.4344936414425391 0.65424827822524823
8.7440592517372941 0.68069190996440165 1.9544650204988021 0.6492313003788176
7.0546187137014007 0.19686743155953754 0.63492110395843204 0.52986680453295554
8.3113455313073814 0.56850351054882431 1.5997937449654405 0.29479619140098062
7.0818447563462454 0.3517880974914912 0.80866900147004828 0.54010072896871963
7.3767046788874682 0.36110083594298048 0.78034764728476413 0.37030035548662432
7.189712034607755 0.81607430905020972 1.7789438149414993 0.71208796895980342
7.486431913223937 0.64205187015745158 0.40384656809006525 0.41382410980562467
8.8423587877452086 0.36882085781173235 1.9202240279892491 0.71453462350300079
8.0286648261414761 0.72776998845618313 1.3818685035547147 0.1619086243500352
7.0714330939108576 0.21209011405332132 0.11805534452383598 0.76567060085803917
7.6089226278290063 0.14695947837320064 0.71172932238551601 0.51476952720966784
7.1409584460546283 0.8998156659387041 1.7241677488027427 0.27998474249470662
8.4499916209967161 0.66245669437956645 1.565910888375676 0.74456902068058262
8.9021422949360023 0.51985760894279631 0.84059534140981385 0.51773329441600757
7.1840632049294229 0.42338521017416331 1.8131220241620039 0.59520611383233535
7.4073413295672736 0.59541892337274938 1.1025870856974505 0.18760086003883461
8.8014001578545376 0.6875806666525982 0.94079972636329146 0.38172060810762598
8.600139446962725 0.33823880004264489 1.3653239918684894 0.72611614602612784
8.4147146795580436 0.52878639726283005 0.56989240338546854 0.30733001556045358
8.7890775250495903 0.13746194708957918 1.4835765729943191 0.37958652103874935
8.0611053851882044 0.84892153618924648 0.6761555986895087 0.59430458187306301
7.0911409348850372 0.54010016552221563 0.17119173356918657 0.43247090068941185
7.2749901711498746 0.52108846595670832 0.64339624164297893 0.45210901905976109
7.8559385241890283 0.53119914351084419 0.51348914968795356 0.39587759881799456
7.715736602074494 0.1101672367274367 1.11699687762124 0.43803219964596096
7.8709172760885711 0.52747492158547526 1.0118200261756283 0.35035515564269948
8.4766699994494239 0.31110437393175205 1.9353692437361532 0.288228361721937
7.8890678822182689 0.76447387814439072 0.87717438408465054 0.69455990730408823
8.5131014195809271 0.30719029183713614 1.1467902567870001 0.50558755142234024
8.7432685720253644 0.21240761924078869 0.99057418955162047 0.23885567108423794
7.3214373802184127 0.74094759691025014 0.47026767782025491 0.50118278332107602
7.0630068402499822 0.668613778970371 0.43536897878570113 0.56353839364694347
7.8710182061107412 0.29041274267411776 1.4209398349449935 0.61475187441828705
7.8928138642230383 0.60629318083561212 1.1115148184333792 0.30851238200887704
8.1223662591695565 0.89177903165297745 0.24428371054739256 0.72388370656563039
8.9649209164848322 0.28296654748674832 0.69052248522082271 0.24170683806339391
7.805841714773468 0.29461913142230817 1.8030944821257691 0.76795034324650591
8.5334080654375022 0.22992163809279098 0.87613829256332409 0.45801424655130851
8.6560303198612125 0.74133307381562885 1.0676961541154142 0.39276239181034001
8.5436459449594153 0.38282324376829779 0.2058276195357352 0.65165790039277083
7.3423439250985574 0.58613019287503076 0.85871069616542839 0.20352550676528486
8.8041828411468259 0.79188516688266197 0.25831783696423316 0.61634365986270945
7.3989081978760733 0.79446389985613808 1.422786896964565 0.65263754922924688
8.3045586718209279 0.62318531450886938 1.9931715968388337 0.21733927708383555
8.0784513050524822 0.79029567525970745 1.3738168349175826 0.11709948942360997
8.5654201910050478 0.52344247924039855 1.7478633696130297 0.37924040927242642
7.1996847836453499 0.64792114096415832 0.50157997211979077 0.215270512470425
8.5939586987966123 0.35712847633312039 0.18534752288540707 0.3169724960511644
8.5709407582753645 0.29811779926347554 1.3603148088008634 0.43934175287128918
7.1893231657076671 0.49978403971261876 1.1400227592333225 0.24503720885815278
8.3365766829666352 0.45161729645712778 1.8022809979569234 0.18196620133872596
8.9765402571947934 0.25504552254897661 1.2977325789708218 0.70221317037915276
8.3481033066558243 0.8718835590867321 0.47855295406975806 0.34102468564078348
8.6468559295420651 0.53992226947037425 0.34851173866303009 0.2470596161872948
8.6397502618733082 0.88278481840926482 1.9236366084812009 0.23373932670923678
7.484260871778087 0.34042891221511962 0.94475870570808884 0.57322084684255492
7.0931407920013045 0.63091864275589082 0.79548990785017071 0.23925947313678667
8.0723362746604614 0.52700722130486433 1.4508764472953051 0.22176439274678378
8.9003949377157259 0.41446372762660788 0.14878838371301631 0.67112896960717816
8.5584678528331875 0.61008204712852143 0.81883074339417328 0.23259579704083114
8.2139391616005568 0.45867025279444018 0.71666071812744547 0.32614789711673697
7.5681210589793677 0.72978896011472227 0.22946836292352887 0.29172489375443844
8.8777219483551892 0.53637635387184968 0.14011715920997664 0.78763489682525933
7.7989994676187546 0.49906322869615383 0.74088342817236785 0.33670336650315968
7.8976495108245519 0.63019889495402603 1.0085490301223967 0.78394194754103474
8.6311159794921686 0.4946133848041705 1.0403260574057538 0.61922165182962896
8.2279425577030363 0.60137404158842378 1.921835816787512 0.10438030253890945
8.8836877747981884 0.32344921484897382 0.19116064312218262 0.2730683462309107
8.2774904261514521 0.81892417177721544 0.62042249423566753 0.71172572894898622
8.3440170762699317 0.25730323057537519 0.51158483754780415 0.73191628894293204
8.8798613020349251 0.54988061259988408 0.14149535813392455 0.18072221850564507
7.5236052905707513 0.16062813766306847 1.2654780757401565 0.79150939934134124
7.7137924708619847 0.53520785398102844 0.33009002992811398 0.11004372064669639
7.740953351879674 0.45638598316350432 0.76542173873674912 0.51975268328300306
7.018111215362997 0.10045900749379763 1.5589616416988852 0.47086834129178645
7.3694754578356294 0.67481487814408903 1.5168244122355066 0.19570904406029577
7.1154653684262748 0.45462744293333157 1.7644831407831312 0.11813394653041104
7.8291856813505136 0.62885895873353437 1.1603931098265028 0.38433631956852776
8.5624262380529501 0.80587478819266634 1.1724151647817065 0.12840411232291132
8.1024500524042491 0.2040180976490282 1.5015399470374384 0.46848120130268722
7.3103969766305781 0.72268283636458686 1.9378869761700566 0.32776053247096232
7.4027441748285128 0.83313150711428008 1.8378084280549229 0.6898376811720256
7.7647423331277796 0.40558572422917383 1.3206117446930188 0.62258814666356155
8.0136478098662778 0.31962512630468931 1.7040842229847035 0.38075525734731575
8.0208866220855093 0.80830123540275778 0.30561094362877783 0.15727186159082976
8.9694414472742707 0.35410420270425991 1.6865235458225745 0.50401135656050655
7.2441093222463468 0.44986919609888498 0.51275906651073866 0.56815550041259033
7.479672946742844 0.29012954396842899 1.9800169635774238 0.53402755449881767
8.3175851573132658 0.86297499871958172 0.19982074462337279 0.47813279213899795
7.3543232353853831 0.43785617987871572 1.7428118376321526 0.22678113078586801
8.5460736270042563 0.1473979058325095 1.9094214544309389 0.61924518722442434
7.9539738950511829 0.42886012026953513 1.4077756993341664 0.67621529088704524
7.2583583847931674 0.60546399149527985 0.70857369924797453 0.12769675130381986
8.830647009640586 0.81490790139574176 0.33534192645862981 0.68329185383295821
8.4156558678725393 0.74822130945610688 1.1694839093498981 0.35721049885018485
8.7297738885593379 0.41215854942211905 0.22846567555314401 0.7852176413776043
8.3541605021454117 0.33080707934804043 0.91460622225182897 0.62509255321776525
7.4719792890367449 0.43407951914095022 0.65090441886406558 0.5094557633840533
8.8579691756868471 0.86859711749952095 0.4943837345885489 0.52767797076310097
8.9928054050531294 0.70422385106874696 0.92954260680871892 0.39865600809080715
8.949739731605785 0.7078953868536737 0.56785379668631752 0.24601235763308002
7.015430633035761 0.78666209739093895 0.68750848366451001 0.29199554121858506
7.0885305068252089 0.66954510766501396 0.96131614221581296 0.44256725145630627
8.7099341640792467 0.13803027218969829 1.6967633653883669 0.64645620071739052
7.2701175204352815 0.56228634658413956 1.2332364362873351 0.38377451202133317
7.1494985362513166 0.5866936104872198 0.10134019071556784 0.11321798797649249
8.865267447940969 0.46136094153885954 0.41646286753476214 0.6735290461696688
8.457556312583776 0.37678332503780954 1.9451045626524874 0.12505450341447488
7.2669403104126422 0.36474035058308418 0.39016250428355526 0.3829303211197238
7.424358185431176 0.72829663045735271 1.0454621624817351 0.57999802321357363
8.4317759404799197 0.7274790254804312 0.83010285588821753 0.70308952239039579
8.4196934588510217 0.4644601977144186 0.71644803210882446 0.34361895775688034
8.2570440661143572 0.33169684313705627 0.15039472121099906 0.60113604012514887
8.7618550878167056 0.7264702432493888 0.33095268366390951 0.11344486786493124
7.4369612338543858 0.8778604928835585 1.2712085081895426 0.56161808177999062
7.6803937707623691 0.15161510316188201 1.3470163514097873 0.36421381965819599
8.2710267287212638 0.65243922652202002 0.20890526653720218 0.44623683212160936
7.4160658095350245 0.42428084510197428 0.9223323027278767 0.58079168888369015
7.4412654576404993 0.43872582459164999 0.61446680233144291 0.77162535487797868
7.5155198218468833 0.48328151223449711 0.36444987614791879 0.48259203619726176
8.2755591752654905 0.4479000030539354 1.6563566726754935 0.14425682903461953
7.6129589230659036 0.87371983165742595 1.3436534678478516 0.74347996195434596
8.2043521440850036 0.69596697107381544 0.25025999866475934 0.6632700026708741
7.4545156894861195 0.87975971048158286 1.4029484333854529 0.32296568769936884
7.7441774458220598 0.2374728720525823 0.35696639901245697 0.15778763919857539
8.610618411121358 0.12599189091630703 1.3621903565035658 0.10542678567439064
7.67084998353518 0.28602319337410775 0.73043473526601543 0.22575422833148062
7.8119508640020676 0.34275450173515121 1.6341516230134432 0.31924125348630938
7.1273145208241111 0.32664651174503601 1.842381163881371 0.16086461918496975
8.9867091426420771 0.75784850369456902 0.29311116899748801 0.22016050017014141
8.2785103421053119 0.20965012388838372 1.2352960411313862 0.34452522254337403
7.0540008284617457 0.30741134010166099 1.2025423122655268 0.72921150144911595
8.1244353908937121 0.32131715096607993 1.889365709971472 0.248789996163372
8.8989790025339808 0.86198424056519873 0.66838215765075981 0.25078769012133739
7.6609557569025775 0.37492483483340167 1.4305418708174882 0.46741639920718725
8.6181634233042175 0.24868417341993482 1.3308444429239292 0.52316950650593042
7.5770120745780547 0.46397035130291753 0.75721969053864702 0.4104952823093061
7.8331550935988981 0.30644379226144047 0.68040192066499905 0.17367967052280581
7.4537641069824989 0.41067820728808679 0.16255860030787403 0.37081226698918146
8.4294383612976738 0.55601892737211223 1.6825768328515993 0.53303851787660883
7.2658669274358862 0.63825751919176021 0.64565184278937438 0.34681483860796991
7.626500989076674 0.40397107130631604 1.8990122300533052 0.79165377262713665
8.394658630821862 0.8555248749088904 1.5252308347745986 0.45826537363809405
7.4866422499938228 0.80504677681886683 1.5423677125473501 0.12600599430254802
7.9880530722693956 0.86616382796404434 1.1674644437339061 0.27023259719677711
7.2131778630350905 0.40003729145497502 1.4116867931819503 0.44463300220552193
7.5766057314060911 0.40224434026955658 0.25229955830287548 0.4101680136254694
7.0595726382645134 0.57642001882345117 1.1963036348490474 0.19968727325770802
7.1391788378658294 0.81012101860978791 0.68155927393382543 0.6412751726700795
7.5737403109873327 0.63638070112646405 0.29556019157843172 0.61946259401737569
7.5740023408655137 0.57001534212013238 1.434917481618835 0.73666744855421762
8.8115306596559897 0.84958714423624471 1.6371632972078043 0.77192221230537972
7.9518541793829485 0.57121721135623282 0.88544511812334481 0.14738262562737717
7.727161084578988 0.85112656136375187 1.4822326722581043 0.15463146126078298
8.6911229106825392 0.64715046204630144 1.9976481294769499 0.39366048583121249
8.5315651106527923 0.86554054059090979 0.95985450221466762 0.65512946056624377
8.2034571682610942 0.47147218326924745 1.1758042754951565 0.45681162467211633
7.6208960161703327 0.50805152742789095 1.8916527810688271 0.54629215693968769
8.3073171061755744 0.26770763087233207 0.40079358195907688 0.55506213992673969
8.9726194600822193 0.52472065342000462 1.7918071014568537 0.22967233481880073
7.9131872901703417 0.10745410903995184 1.2531855306663529 0.21333749651867728
7.437583868819198 0.75158111453775811 1.0672713938639788 0.38612921124991262
8.7213394276237644 0.38519964676240059 1.2994379547494423 0.18947904451783992
8.248198333206032 0.37088933835011595 0.78859806297893498 0.47710332800527799
8.7354949727531785 0.12077730005726209 0.13898934896971329 0.75078444297023483
8.2478713708945186 0.57840032488900395 1.3613120238427963 0.68460694220603879
8.5457823984345112 0.15567789138299537 1.701780945144957 0.3103499229198145
8.0360339700082974 0.58934012920711487 1.0551406782688728 0.71640978597410609
7.3242884135472917 0.43548505168443907 0.20812157963982475 0.76961568258597413
7.1658779357777034 0.79107731092886824 1.0064051178522684 0.79067509825867266
8.1999515750408403 0.86250431683489814 1.4009559705590928 0.33534381590285567
8.8101403733192392 0.84595834971133044 0.47248166279921044 0.22994283128636578
8.6954743001218358 0.81262559691712111 1.3788716116509485 0.65032919035352277
8.048581600524173 0.38482347668943984 0.19055912231009486 0.31013306470682955
8.0581835410359748 0.32883783373624215 0.47672352034792587 0.10226126838902642
8.6278447747017779 0.83134688951476243 1.2869927421966914 0.48047627249867908
7.2086843103226128 0.67205946991486987 1.8997311311777205 0.49394513046051802
7.2934695093448818 0.47929596050276968 1.3806603869012561 0.2238853762871757
8.3340416515251459 0.43695454683661261 1.0295947034824424 0.17620957234948367
8.834706617902917 0.78591990752369634 1.9150203128994232 0.73270492573673118
7.2532236219099442 0.10855622828587189 1.7179872918241512 0.40637367236927657
8.509503063319066 0.11849562335212252 0.31905060007630193 0.62484497083130175
8.3535456390014673 0.70937797826133342 1.9345386084403691 0.44780192845031452
7.4648785870539625 0.39334283130143599 1.8290885674771413 0.25475357762641881
8.2978181192764247 0.68039284220808283 1.9565918498041786 0.63312311729104254
8.9481772581299257 0.46661845026673665 0.2846469589745258 0.58627116396718493
8.3312415400721846 0.27470430496474496 1.6545096127456269 0.67185158545230783
8.8025065101761264 0.54030713026201782 1.4678758768415781 0.69000710006240529
8.3599264477127289 0.50318290554641809 0.39902830090970076 0.3508358529240162
7.7518451057039925 0.55262990959148595 1.3069558083447497 0.39397469548495112
8.5676598364960324 0.25597127145618137 1.2007672654398096 0.42824125040953276
8.146175469478198 0.25629346288588745 1.0853157730689889 0.20018892904161695
8.7950445774523196 0.89669630967203406 0.40626919271640827 0.28708825981408859
8.4623139403621899 0.73063209381714134 1.7111013510207349 0.71962280453198724
8.260844423276966 0.64144729822702407 1.7722816160695747 0.7253688447115445
7.3922885581051343 0.71038706063404666 0.21869226437094616 0.62207200996923206
7.5985051844566014 0.88919122695197117 1.9261216798956247 0.15210136615999484
7.8753697245287748 0.48764518078392971 0.75450196886888121 0.76182566776272809
8.8943910374939836 0.56347708018205878 1.9813522917614317 0.26316041382146377
8.8191466021783835 0.66032290903557189 0.22996632795423233 0.76715416174981255
7.5499020087218263 0.57561920991819782 0.15472233591359147 0.79118888273291532
7.1943048729009806 0.28637557342318765 1.2763929851775691 0.33867169798626495
8.4162814551633307 0.49083570983635316 1.929913070699657 0.78733925832714791
7.2804589693682065 0.65674725751477347 1.9332039359715167 0.68068235677145583
8.215696341793274 0.17798845590619078 1.8256553119352703 0.10398680331303922
7.0251377163089277 0.54710344902600461 1.2813275243953279 0.53421785020725654
7.5321223111456144 0.25163697095840321 1.88763089872346 0.25279912247798808
8.9996193406522114 0.55889937604664908 0.89005605366893292 0.76223842570731049
7.684028009249789 0.45722353545817529 0.7948543363185735 0.69072465862975718
7.7189283674865523 0.42857116367912795 0.2152645796770975 0.77078870673827604
7.6485039916114381 0.60809177724617336 1.810351502555521 0.76438057027481576
7.4757172710128339 0.11340294527849856 1.7454491780648571 0.59571467077388396
7.9976871409415455 0.13627709664935453 1.0984846300052566 0.25491617217834589
8.4063992495746547 0.63870596524257184 1.1302559745235192 0.76908497781234919
8.3981652823525561 0.78270197392742524 1.308418020219861 0.3255194120873291
8.0899584716289432 0.31074167793576435 1.6243180884362005 0.54962949097197644
7.3190571304284902 0.22968490465119976 1.9138176230526041 0.71790291283990237
8.1813602680627255 0.22101006797233325 0.34139986432364455 0.17755317835324397
7.6071629587101723 0.35915438561602842 1.66571946695741 0.63217737625297965
8.0347394121797215 0.11807717001341074 1.2157839697840982 0.56170945834772079
8.5590292690222416 0.75759614542099551 1.0184128823689393 0.54682278652867422
8.2472079605911723 0.33287517710887549 0.64430254894644801 0.50644969023807218
7.0481209001117531 0.14460265588103208 0.63556168555275083 0.33019298827134713
7.5727395416241992 0.77124727262057502 0.43253795308516185 0.65066342682089762
8.4154986423090143 0.87617330937199545 1.4698819406864745 0.39755530696456531
8.6670642647728524 0.15876030066591945 0.46497334468265739 0.65509239527939522
7.7302855405359479 0.1147761667533983 0.90649564557531259 0.73902643868367657
8.4921065517665468 0.46839187161441886 0.45078718488796576 0.39340090417628837
7.689853656584015 0.78977357251112512 1.4837122923633395 0.34711061183168296
8.6407227419891601 0.18757810426656643 0.19685513664133991 0.35703034207940609
8.0200359548372404 0.2013763195662277 1.9078912591976176 0.15822289501074102
7.4690188893613687 0.63426984909292927 1.1984750167640659 0.76602451058087584
7.03683273145176 0.82230086028543992 1.7300093855807126 0.45587548190407534
8.2431264555366255 0.85355870856406224 1.5025314985187819 0.15559058574599396
8.1824428562492066 0.1118879362249738 1.7078292462597191 0.11072934546042704
7.5706741698433211 0.52035231142654204 1.7360256065133601 0.41895578689982416
8.2996794955248205 0.20233278287947029 0.869424818151597 0.64863830932697109
8.0470868364105712 0.65763410035364644 0.11467884210074961 0.40616414645856003
7.6984510231097429 0.71990046064407165 0.64066918122684102 0.60167273798485599
7.112622261234737 0.69627655146171974 1.981879534295935 0.37345367877561275
7.9989639232971266 0.79750242637918289 1.6277861788842065 0.2409687490535847
7.5850451015122626 0.49117754247292011 1.5599481268945115 0.47355046264332912
8.6642714566197299 0.37897808760228413 1.4932837770607506 0.26365125381639132
8.9520460345386077 0.87314132627912355 1.6303048941520044 0.56957633805336483
8.7467195483047213 0.2352919478763949 0.47186808196104779 0.29531395036580255
7.7738393849796603 0.840659552430426 1.7889496257092148 0.58477054136135709
7.0607515475491738 0.74172714615440372 1.3169687169374538 0.63704783822987276
8.2259956890577328 0.45749689360126322 1.7984101283399674 0.28374798799099465
8.9323032310874524 0.60475493310074402 0.41770055607128687 0.26017622032437193
7.3758429232390652 0.29415012596020151 0.93256037050502616 0.71862322980763327
7.142410866029568 0.57387606506817834 1.1368701387568361 0.67872684465442257
8.1775529561520255 0.28430448952318821 1.6330402231240888 0.43013479267860033
7.9348104918467941 0.65600721322162348 1.3912589238971249 0.3071043659492862
7.1582649082478218 0.89807198106398411 0.76867049310718383 0.47238888245392041
8.968382865288989 0.16177215544279461 0.85427686745874665 0.24465058842020448
7.3995897917002775 0.54200733183048622 0.27089221943416297 0.6407871411331737
7.4136638976296689 0.11172613942303584 1.662738178577678 0.30347421582341461
8.6898186062215768 0.35534042255433607 0.85270541046575232 0.61497288184009091
8.1746012664717078 0.89829366706308933 0.80400668620677096 0.59644580152231919
8.4812964976492893 0.72101861449623139 0.34764321209853943 0.37808197940856947
8.7949046293474975 0.58987810826849008 1.9197715151012471 0.65446691768883059
8.3278913076071159 0.42120979384104507 1.2882140418401955 0.1282194523245998
8.4630851477248683 0.68046705573996713 0.24071856586330498 0.16358450057865676
7.8805409406887179 0.51689185802098103 0.31533800743704493 0.79255819496812585
8.3552811459463108 0.36701898252556786 1.5572622806712473 0.19332751184079794
7.3372133149221401 0.30278989447582944 1.24519832406189 0.65718451242577436
7.7454910657613638 0.4672445024040156 0.55724967025287286 0.38859205346625658
8.4929696882015566 0.12985740322239744 1.6781007372743706 0.25255536356144825
8.4699432560367018 0.32098481308225191 0.38541890995320904 0.647854245796743
7.0029511434535934 0.68156428624491416 0.26149758697893244 0.51283413393475608
8.806590936670629 0.88431950600155429 1.9225151442899133 0.15650630191719606
8.867291431059364 0.63474876427355764 0.19498232929643117 0.54950071113035204
8.849304694881889 0.51806940182070682 0.19517209477851155 0.37321668975169242
7.8091688832320676 0.70506273016295495 1.1414136715646659 0.25914507482030358
8.4761315758171651 0.87459356502432384 1.9177689276547822 0.77896475591323511
8.3452768316716472 0.21671090131650975 1.9264061331629416 0.11668032771285022
7.9729039222175038 0.22937542629906607 1.9593176487538813 0.48648046539822432
7.5849155481713151 0.18492110216521448 0.67349647702463922 0.71570044650774578
7.9272994492954139 0.2870034790198549 0.97148296716596783 0.18745644582167154
7.8235174356249999 0.25201269578657626 1.2127140295883982 0.31738169139508721
8.6810755647339253 0.397239459585782 0.25653153816250329 0.26470573056052127
8.7779779643408826 0.57297138117408875 0.38041585892638208 0.51435183622955127
7.2812927892518582 0.70568161490115144 0.88730736214738948 0.77656711672407852
8.4901691387905789 0.74679315196237195 0.58845932604390583 0.79278426575186045
7.1504443493924521 0.19740995090943703 1.9991985773669876 0.25885425872008438
7.0500439791865919 0.87844226229349698 0.19902973092043463 0.53732163662945986
7.3070222480142029 0.14336782113692367 0.76031872242569909 0.59628948620168631
7.0835952858931144 0.27679204015432918 1.8478880461258926 0.70973426172519016
7.5344116880701257 0.46895281645276776 0.58751623101475747 0.3767466819699038
8.8177284330943042 0.35558554744956483 1.0191240999437674 0.3600445325790943
8.3525895322113932 0.59100542948327517 0.57495967394800573 0.25102415179046605
7.9556366838312362 0.22904046962736294 0.42645210758879226 0.49918371433472164
8.2411347466730387 0.1477119654258453 0.10379793176371457 0.15058895540621711
7.3389010322121955 0.42304167097804124 1.9146091484509702 0.70147192072224818
8.2802208368346086 0.55912907345689822 0.60414448196089721 0.72712587708089249
8.2014247453823454 0.30241283695518362 1.9971932647981205 0.47064686487852625
8.1185779935167126 0.28474360396361897 0.66674931799368575 0.17949020288927903
8.5251827508204467 0.84558564201391606 1.471775916895854 0.27986207012951364
7.1513814897661065 0.21572955304455227 1.2257596062091276 0.24552365408890733
8.4949451887256373 0.13914093342005526 1.4172185167793758 0.39823552610095692
8.7941266773170028 0.73841396406834514 1.4445116163730733 0.47829415207068493
8.3388304298904625 0.5435957021989094 0.998527685329481 0.32915047194899516
7.6746821173846822 0.19423168941350502 0.43767926752051245 0.62431345080638367
8.4788468179024541 0.75840356979151824 1.7602452987549557 0.14331800074293741
8.1121319862959069 0.80006961171286828 0.44425527042697288 0.57084388982912326
8.0696085296868407 0.46350344554974987 1.2595966235063702 0.36352635606342831
8.5682175081035332 0.84834101679634144 1.3260537979425959 0.15525259068885899
8.8232569277549437 0.23349166175277325 0.91688759983780377 0.62008215134126499
7.5088489729105561 0.23198838231056385 1.8107408980048121 0.38532037186354839
8.0230328809624165 0.65861180625820415 0.84873572798704333 0.10702462944234682
8.443141375177353 0.34790095709759528 0.64022235003683658 0.13000629135158204
7.5879587094454486 0.4336647773598894 1.0260321142110482 0.60565157837322348
7.2510320226824625 0.59314981541906664 1.6287800157893821 0.33880057928072671
8.2367457616606714 0.14534303514027438 1.2248690314437747 0.60672662995702609
8.6825595014016805 0.77570724038852046 0.89262322366663593 0.49769843010192749
8.9824012072777784 0.58734916993959085 1.1315288475495726 0.61801870680726967
7.8993214670944347 0.62629624046660326 0.97974543166785233 0.70335708304720268
8.062001053933546 0.53967626466010243 1.0177271278768441 0.11984320278339419
7.8184354451843205 0.78420012041637543 0.16801816063035951 0.14034135010791751
7.260666490146952 0.53228315208596888 1.2087301735044949 0.5032286793324523
8.6300869666003397 0.75697762662299195 1.9913800275565587 0.72110743377435849
7.929933712714428 0.41908554028734935 1.4107202470399751 0.49580799227713568
7.2106258703346215 0.42733036835761629 0.73873195173569495 0.17984087535323767
7.0207559178691747 0.60067954501250509 0.88829615277679796 0.35448621680341574
8.9263881913996634 0.53032007125813241 0.60195803104436918 0.17700677533396947
7.2986489436411635 0.25758771098138877 1.5540296579738819 0.58978641455315817
8.4802475256173508 0.2552211010914196 1.9861841129137676 0.76354643694161706
8.8022460386007975 0.82760205120323327 1.8659542593811513 0.28113608135036117
7.8494525981342136 0.7006865512311401 1.6667909256309821 0.69796788145841315
8.7883107230465924 0.32550868458745186 0.69747525175285063 0.65772098902612985
7.1164408193383304 0.20790773005476484 1.3386752185035751 0.30677404283251958
8.4212900488081299 0.54062243646023644 0.24561066710552448 0.32288327013883539
7.6000078892960756 0.15994510932824837 1.7747703295903556 0.30278171969650725
7.3273204309736037 0.11922780969807308 1.5232920985940934 0.39962348730559227
7.973406663751506 0.82069677665095586 1.2768604635002394 0.43074934668382237
7.6204250709805477 0.42744707255867465 0.26798357328201955 0.13354530249354191
7.1635718427579302 0.14143264024873503 0.93212110372803358 0.12148225333372192
7.7264482990681058 0.41730285876930617 1.5939856300190303 0.21750177591925673
8.375740410406797 0.56727925200158602 1.376072332397358 0.44803847499422389
8.1534493082517638 0.6213164185749267 1.440309498962786 0.64885696385834346
8.9971732404828106 0.39892410513588339 1.8690104263883003 0.44889563973760682
8.5977489141837236 0.66909668711892178 1.0467705572491979 0.643389440749635
8.0462294759060189 0.50270918080626492 1.8198888860437923 0.63203177157360457
7.4911604785548445 0.19444640107342764 0.57266140643772956 0.66635668740603982
7.7226078132780902 0.12794716262860606 1.0217840354747112 0.59387903838182998
7.3898226494415136 0.67720477344731389 1.5278832528345787 0.39056552172757475
8.1825469618870059 0.57226690300177097 0.43872155229375331 0.1148598504804596
7.1363439638674153 0.7864028107355816 1.016945465547852 0.10619051492648809
7.5999083994385037 0.83815382172040209 0.51549051487107656 0.29772893498222586
8.1417541857618616 0.75069876124908441 0.41880642677376068 0.63147852442640129
8.5765213898113313 0.84683440965607515 1.6218166655020934 0.35887957481072175
8.2655460947345727 0.13227440039694957 0.89127340360368257 0.6772417425351307
7.269742607871966 0.61577089002626639 1.1034511423261735 0.25386023963068638
8.9663090676044011 0.388642277380156 1.9719966034998846 0.79004152302926689
7.6779995376275467 0.67262490907144534 1.2803090965795785 0.27955921168722897
7.9821535098451326 0.77313446040019951 0.55554113100326397 0.56058007572256574
8.7201575381383378 0.78292308748744599 0.30333228628314901 0.42615517797096381
7.8509639324607443 0.14906665466662208 1.2657640100039091 0.10032071203873297
8.0272426828090317 0.17431145903996625 1.3889788028529959 0.10946720887708317
7.6979792326291481 0.73612078923140034 0.93625922626541713 0.51321576457424101
7.3468639340123136 0.6517894773441949 0.62319117232678367 0.2115499268295003
8.8004037223857097 0.64515399983094013 0.64695885181246682 0.74139796571341743
8.0327471810296416 0.27519834849556979 1.3694885665776786 0.77602362091082222
8.1889242411348224 0.5964919162960749 0.98087251962970601 0.55750498198661369
8.3301947317344673 0.21441161552868568 0.66774930536395671 0.47161241556754308
7.4351442037006317 0.20380354936830453 1.3666517345611908 0.36488073667297294
7.6124683248936282 0.29065024214241303 0.54538070957219298 0.62337123787801496
7.4098420886778564 0.62818121912049796 1.5053708440471916 0.25148200430529122
8.5544547794698484 0.26812380117849066 1.0248257904116194 0.779560131909529
7.9020562232827576 0.13135971846754205 1.4905024412397216 0.27160963721505738
7.8651505121699978 0.5853433348129683 0.89922946648934843 0.39917949146163278
8.7901011822545314 0.54174187730719658 0.12502767658352998 0.29879848844127133
7.8626514079412289 0.64030405759989262 1.5858248493906766 0.7982517211664073
8.1015654265580554 0.17746993977506856 1.3879386338845823 0.22345730456249316
8.345601350879166 0.48376327953148923 0.1597010460666593 0.30309782718669953
7.9005200101842119 0.49630871051061154 1.8510109923235933 0.19368939151110437
7.5449809836157122 0.10395198601568978 0.6654172752840164 0.38758124267771454
7.0972092653226415 0.3334201013422784 1.4221603581721751 0.31638805939323844
7.1537191390808621 0.2091187908984187 1.5480779948762045 0.57646875119681162
8.6053240838122509 0.55189303297733783 1.8168628210082778 0.73120405064922145
8.6916793920998607 0.43881133046186271 1.3350798477144188 0.69884645774896959
8.4557730242818323 0.57912632125868868 1.6956911889120461 0.32105769766387571
8.3106483302073908 0.49759919186392365 0.35810003830434434 0.24132142290497963
8.9554601862513064 0.36224243875655215 0.31592339254906365 0.54316459401922512
7.0166238375557617 0.13829514029574524 0.95552674390471604 0.58189120433764763
7.673881919761282 0.52267522804982691 1.3048892160949175 0.26586219171100001
7.0113492413274319 0.10676668833726966 0.22254287937976008 0.72177284149574361
8.6728220576789248 0.78747401547778462 1.8909981630248305 0.76685701448586019
8.5700273566544052 0.24429081722945417 0.18817963211817579 0.52661393749570939
8.8824919779991411 0.21131397053131484 1.5609382822829891 0.51044005029915551
8.0051040312279103 0.87169487089680564 0.42748695914708479 0.68139135096905801
8.3463956885775641 0.17092904493262617 0.70526496712389619 0.21387218151445681
7.4991296945795245 0.49788986795611079 1.7524270845409888 0.65978430587436498
8.3396662062799258 0.8507679223662854 1.0695448912956205 0.60316393200389673
7.2145122287868828 0.39835632699749335 1.8373698673836143 0.65666577842152796
7.34274179873539 0.2434267236228152 0.32765481328400631 0.14376998152908288
8.1616709155008618 0.16699192917712696 1.5357439272133344 0.12659666628549487
7.7521399377485283 0.59258895781149512 1.9180876266479652 0.35660044923614898
8.3977419626879914 0.71336451678210067 1.7358136260695356 0.55407552506178881
8.6840530937286964 0.591301887861166 0.78465224485584861 0.66934028773240617
8.7042131789077342 0.49191908915592741 0.77948006325534125 0.22609816289297516
7.7249017678892402 0.51245144160898914 1.6752246586638464 0.11469423414857413
8.2510823742860691 0.73570502362315071 1.0840589281308965 0.7943342752370548
8.096152241878281 0.56011197020160486 1.8016267924083951 0.39773305976690054
8.8408486879036392 0.59930920996787884 0.93068497681757945 0.17226587882334227
8.9940332676246015 0.18101736468187279 1.876766625452712 0.75289544810699871
8.1592763541702968 0.5585516603496824 1.3220089960854393 0.48568279664471714
8.6133289911420885 0.13486203013211881 0.34064659462573527 0.2105542069230551
7.363433679471302 0.37776142638114629 0.56896498332745504 0.69988721379954333
8.9731981639592213 0.19555296466464395 0.85924928236903597 0.13086727441197965
8.1253736652249415 0.64119030666272436 1.0945787015422361 0.10611463260122002
8.2081017640403129 0.15707139983830543 0.15300726000812664 0.48876201070017744
8.5601352107282072 0.16975133842708101 0.15760039394922945 0.49643811363382939
8.2535253670085229 0.39037991692378926 1.5652512141127495 0.59870654157905889
8.6719431978870247 0.78352273891006863 0.67108072137299457 0.57270077671776487
7.9404894299965045 0.25144038892988041 1.2591218338058725 0.46046770627924538
8.7967893297229907 0.45661628909838925 1.3495750622931717 0.35002998937195895
8.2654205627967183 0.59678419367413005 0.42136745660975106 0.56933352219782107
8.8945928013627427 0.85749103605497667 1.0790888433411507 0.721795076523843
7.4349681811584043 0.32739549821062919 0.86080250642521727 0.16487851920672975
7.6461727879600119 0.89142912466397017 1.5306663122428767 0.3089915883716014
7.1775561242885022 0.15023344629516752 0.98929441369718152 0.1947929574709755
8.4289403761665564 0.21894237018948814 0.31069916296051614 0.34580411985133652
7.7783616468765748 0.52634263076215448 1.4912132745198809 0.48096952775607338
7.3107161872470332 0.33608383335599012 0.30205962437277101 0.75781916628293677
8.9874197801484108 0.33689172864707562 1.437530065312792 0.11449908594077976
7.0745616851079758 0.89198662625905567 0.94070093637402863 0.40098336143834612
7.1742947971660689 0.49590599140006353 0.81178479727297503 0.41624105965390656
8.1942632008945431 0.66823224233032841 0.25436347961114386 0.58158228355121555
8.001098931295715 0.39246368304445367 0.27215772562291274 0.64003771475688076
8.9577338279411141 0.67769290536773574 1.3005830208172531 0.2064143561064033
7.8227692666763167 0.25388407557318154 1.5799672711764934 0.74595329793813681
7.7290540705526736 0.27730985434771016 1.0740993186886292 0.69122961700343211
8.4193747200404552 0.16319437769645145 0.26707893736368438 0.52788905769485261
7.38460476764633 0.16793340392440806 1.3684541401233701 0.54067688879331621
8.2837260228255243 0.83693293383290612 0.39644254276433999 0.53961026126665401
7.2958328547716444 0.35448816298410568 1.1528568911577042 0.37532747458866789
7.9675031508943821 0.52219576981011595 1.6398337113595658 0.72986758297059728
7.4793067209996194 0.20054950437151142 0.51817319613841129 0.53092658716567254
8.9155244155899815 0.67867800144579127 0.72713987462468588 0.61829171112550885
7.2544954689622827 0.36065755975210789 0.97860613564968035 0.34185744201982177
8.5186143641538852 0.27611223644182115 0.8665926810555149 0.53124581509546853
7.1694536256445334 0.65486580370479985 1.7385192288782976 0.52267717221247789
8.6542441653239521 0.30601067165112406 1.2875855334968382 0.27220399461496558
7.5049014438686488 0.85497944570147955 1.5017281290128892 0.77723765369757092
8.8736099231456205 0.31854634161798068 1.8693974480727142 0.55929198073558273
8.362913713962314 0.57508296945157333 1.0003874188891477 0.1791534226626478
8.4795717314506902 0.53903759394643669 1.8821818758129591 0.50519553533456163
8.0682186887644445 0.56748759110668157 1.9085331449920426 0.50907199344755927
7.3699472533995669 0.52991567612533474 1.203486786506681 0.3160954735532705
8.0647662561834323 0.72544096244074163 0.16935531377258578 0.76637441776759185
7.586958553552007 0.82013094005317211 0.62418045331647187 0.10381756746241672
8.5321458943616939 0.62534572969503022 1.6270772387232728 0.67505516245210861
8.0994483007170288 0.23789861406168789 1.4539183125428352 0.40314994011328531
7.8060900980012509 0.88239628624919542 0.41380399096113518 0.61861997015537828
7.4565362206693138 0.73918070902118482 0.70919141462952917 0.45851290324305816
7.2294808583554646 0.10938160462743382 0.21102216464646484 0.35474128670201577
8.0969430515183127 0.55214464766296345 0.85361359292548111 0.41677553762160502
7.6652490614900044 0.41745548808476596 0.44620760350135324 0.16227398247795863
7.7823007238982216 0.37504844704522833 0.94971302454763851 0.66996498978148866
7.9439948252717425 0.84713300626137333 0.18844596784235823 0.24584966591170171
7.4882553169022481 0.50028366999782492 0.7214580676609339 0.27366627043130254
8.7788752006727009 0.59842789000538743 1.73891006718438 0.68408663741706244
8.4341702208555258 0.43259831547310779 0.33793924505794271 0.124452672573381
7.0553666132696398 0.43332774064096347 0.69851338978752631 0.73881022268680108
8.0736203038098662 0.67838632260913667 1.2515760512526035 0.31374525223525085
8.4320440925306208 0.37002548478894226 0.37441576582549663 0.49732295187752096
8.4935811614320951 0.42044405649593974 1.7193457188062884 0.15238715702081193
8.7899759388498087 0.19361877543241457 1.4148457229872409 0.73912411002602518
7.3732261085257189 0.31516558602452133 0.75395837532243926 0.53566421202015124
8.899362724128121 0.44463040104356966 0.67807975919055841 0.47542291262203185
8.1702060418803537 0.17467001145688354 1.1371088781602257 0.23727907640032656
7.9333496085731463 0.79420067666714655 0.40973310834755716 0.68833553326674279
8.2828588172169955 0.46372709848024363 0.13194169674539827 0.56191493026600947
7.478225410583442 0.35969951462941419 1.6089878912909734 0.16548710925654514
7.3357279429848568 0.74196248345473292 1.9666485823400977 0.23322357578486946
8.6201373580095169 0.25933640065670271 1.2825222924051984 0.72097496308351838
8.491578081043718 0.56086169452857937 1.9857084390238589 0.39955269083123235
8.8847427876677862 0.14492079193707197 0.42980162343611072 0.70898965340115916
7.9666861319190225 0.24986460146597406 0.42931066244813587 0.26119183378225796
8.5363454340008875 0.83871084996441725 0.42271288601134682 0.16948772728168437
7.6917512122354319 0.69440680243441 0.58186448955994818 0.53766434762758275
7.4039219538343106 0.71919520012923799 1.0601150432558388 0.5031381717165665
7.8850726661837651 0.54561401498592377 0.41628168051341052 0.74134030590852706
7.3681645186542175 0.78366813725072315 0.18378805327242348 0.21826605215922171
8.7709418966177086 0.63443517539883587 1.4297663719573164 0.69373307784094407
8.8727309024011376 0.61987411498294498 0.33991120592043522 0.4458223088493698
7.1799299649877355 0.75772154096314914 0.6464226345180768 0.77273443257866892
8.9914421076216602 0.27339957222934241 1.8035807384608173 0.68417456336294979
8.6817290271123326 0.88530992512800166 0.65253945503166466 0.76574545340801403
7.7058347520596442 0.61847548003072506 1.1019858068713515 0.25544677639407942
8.5019644177475371 0.53368675501432972 0.2104901180714272 0.21980354430040794
7.9526936653660911 0.17577370808019899 1.9055474613421632 0.79763519398394089
7.4810045009537873 0.66728112207245338 1.7758098002968685 0.34249710249342558
8.7717252906777876 0.69348220940250549 0.56630094100846462 0.1051428379949824
8.4337076870704308 0.79327969894225914 1.8753315048256045 0.34775357296156373
8.3079588884753637 0.47169862134802998 1.29717564836101 0.23715507323322668
8.6042206584236602 0.12425509168438442 0.74194408452459726 0.38212365245999635
8.5100515971439492 0.59619109734518261 0.38477499137859661 0.66731902416274524
7.9456075480059187 0.52488947423867149 0.884232725907376 0.4764281846866244
7.8158465937018153 0.3444476659341742 1.434348564769192 0.50090357163964305
8.3356094745510916 0.82153250417404589 0.80075096523440004 0.10202839173324879
7.1807847171298382 0.40717255780811812 0.75635540174296056 0.68744429307027
8.6339255149971184 0.62566615922130198 1.8346580830832941 0.76379056439479831
8.6580110719746735 0.38056690767599444 0.4306765032344787 0.12750910752208702
8.8996448836204038 0.23480089914885763 1.2286020911521411 0.63542774316306461
7.5520998041956133 0.22182827147495549 0.79725989258912766 0.19828056557995327
8.7112397660872212 0.81295744863109054 1.1131209072869959 0.65210090372885399
8.7988887232554553 0.54827207064513594 1.77304160468855 0.74046145765315818
8.1046442329465247 0.30156645327686987 1.3572959500881538 0.36156142157924709
7.8943722256778504 0.28657209781876158 1.6896881247434306 0.23115448388823126
8.9743840595630662 0.78482622732301932 0.7297041394026117 0.22943384432567504
7.2095187793766913 0.25761458873511078 0.54384230638231523 0.27527324464402719
8.4517633681867483 0.72309578309337585 1.6983673103266979 0.27891401496855173
7.2318818207738413 0.41603760623791797 0.81832535826788133 0.39654129646578085
7.7382234689993048 0.34072059759204787 1.4420961877229508 0.66420875422591807
8.4353048093160776 0.63521254340201105 1.2772086370208267 0.15325438548047096
7.1608167524442567 0.22224931104972234 1.9355953850719798 0.17111671431173903
8.0382314828128862 0.40946659890826365 0.14791023501444536 0.75816932439823359
8.6762946730641826 0.71235606784926175 0.35606734064572154 0.78437907821632979
8.5513081740283319 0.46077494645522621 1.22345577841248 0.43214674739219883
8.1472712199540656 0.48823177415091901 1.8027340379142711 0.55878376449479372
7.9697499594064656 0.50366005514228929 0.92812797753557907 0.22273515743404915
7.3821876230152341 0.666138196888026 1.2558043446603844 0.45741425598961916
8.5957509553331413 0.19073652018528342 1.1589638117051417 0.56449738726531329
7.0463495031317427 0.16723480111581068 0.9579421145995608 0.66085782807475313
7.1544731843216809 0.62740715768613797 1.1364108957761641 0.42500956969849313
7.3616096897980201 0.65372454814949732 0.4528819732907694 0.66383866733156893
7.8865122661285971 0.47041001101982582 1.0748115062666472 0.42450395294660626
8.2589945288858093 0.31449609514620036 0.83247812071998595 0.28261285740369124
8.2133184358785076 0.89070713539353574 1.931199460314617 0.43811513691062309
7.534550484120099 0.41243341635309894 0.65346248890925263 0.66530727505295895
7.9359180181223596 0.58228364444300673 0.28181823026777503 0.63834803839992182
7.8757768145847518 0.55476284879359072 1.3473715937787043 0.11186623354376359
7.8584856928902003 0.36756275426587237 1.5993251855268105 0.54149226962635166
8.5757840049751071 0.10586101037277004 0.5696352831445094 0.29159015224272022
7.2688969527450862 0.32311998061767877 0.59873883945413187 0.64101109935693246
8.9612378228380702 0.44396645564674186 1.5035742416178373 0.57913665520422763
8.0602455655981426 0.6663800124744792 1.0754525299350239 0.79937349295098215
7.3086474271345123 0.1131407923620784 1.1835232890740108 0.33840416430839149
8.9678273884969713 0.50041209295865707 1.3995828762417104 0.25847756478044132
8.4691044627531866 0.22462273004397351 0.61216538832811751 0.29989454140409844
8.8638119142881386 0.28251658663822221 1.9458213048947779 0.46089838668496863
8.7832969355389885 0.43102552602167699 0.38292155190004606 0.54774177539285607
8.5272739709392606 0.459162383847457 1.264419700705236 0.57310404117626212
8.858942190031641 0.49987218866808381 0.46887871093511524 0.46357462234016444
7.0430173524579311 0.75092379032715406 0.96838610477820919 0.29076254183214911
7.0069382131000371 0.74551743361174683 0.72456566335153338 0.35955181569318617
7.5199802847557971 0.26457945495400548 0.38105133090482501 0.21227142754540973
7.8483729013946411 0.2342190120295452 0.85717775763830517 0.6792827972392621
8.7246350416914318 0.8708681152597233 1.4004445799694862 0.43113128157727765
8.056614027697524 0.77493305678727276 1.9790804749272501 0.29257947611458746
7.8440652765396379 0.38908450475436485 0.34083254353949066 0.10751236272849783
7.4157458397906399 0.86233037185773243 1.0834179047057275 0.17040528903697233
7.8436515445432793 0.53939894343090677 1.9114756033994023 0.5171837511531856
8.9775748291654569 0.86948016228435643 0.53723711228414783 0.19763310780255111
7.5136236981489297 0.36493554326320754 0.53465697552382052 0.14971316865269535
7.5898153049921921 0.50514907570423695 1.3962027540984796 0.51395585625603213
7.1331235566853719 0.40668966827280251 1.0573409285063444 0.31909432692044126
7.0803826405394803 0.65622591810861364 0.57999706955018671 0.33968080314677096
7.1838915276439472 0.46847346918532762 0.22462111948674968 0.61751492628005278
8.4965480219878469 0.63066410173230469 0.46018805441306687 0.38661857246595011
7.0064099612861268 0.76892828305025629 0.26855807014647204 0.70385159636406114
7.0290418190646768 0.62507604254880755 1.3843427454549293 0.55982225718600764
7.2738570305007517 0.23928130811215012 1.6307557708059059 0.29802450481176823
8.3208523507231185 0.26830148734080839 1.5746307950534564 0.13904804409166752
7.6533042818135595 0.24515323009365608 1.8385747111320847 0.1235713783725311
7.2262546230248406 0.83346916261356963 0.80698814306508448 0.53198460911027812
7.9621587086480341 0.67919131533270449 1.542962644079513 0.19099834143667691
8.625631555978762 0.43643055383463636 1.9878538330573379 0.32866099064291127
7.0879804102204433 0.52300570654401668 0.87830501825629947 0.47929753795264018
7.8790394048152992 0.61154590199526138 1.877710210426579 0.67800770608503058
8.5224092741960273 0.68613482667549053 0.21734216703021467 0.70279596083446161
8.6592247356245959 0.70837595083791283 1.9672658766990703 0.13441625829962719
7.5025443693321678 0.85803971581998573 0.5009327259598696 0.7316383710481329
8.7963306417247615 0.12111944384367535 1.8613592970062278 0.38807203919489108
7.9754114141886818 0.1417756458368645 1.0315862988233528 0.3423514197014258
8.8166242478103527 0.40613005281876879 0.68558229628775713 0.18566723015481093
8.3333354861258453 0.33433486218449887 0.28547175212498943 0.23975949579709599
8.3414055854837521 0.19260799919986044 0.13467840911238341 0.58273701431625335
7.4831241908264907 0.39933919286523556 1.4101354603014404 0.28528223697986643
8.2761139884265642 0.32204426105364536 1.093340219874954 0.55207307714766085
8.2093833345820606 0.36153704580815271 0.31291528554222747 0.74275368794204788
8.0939857790589578 0.69140251874271519 1.4324771402604459 0.79604565856172338
8.6056298060570509 0.23827941232471653 1.3150330519391846 0.25170434756808513
8.04365285798389 0.2612690102502605 0.53548377098618694 0.41836825299770575
7.4921480135877028 0.64444274111753219 0.24711609515133126 0.5626245110477478
7.701658630158783 0.73734098690631134 1.9023318367183875 0.30829366485614584
7.2181501435450484 0.87433933270702646 0.94600741920605425 0.19982923452402684
7.5023606377637746 0.24376130045847499 1.7374264031013154 0.55726997637885645
8.7052519347486754 0.80411029978997184 1.6649444888166172 0.2815252117640798
8.6151106625451259 0.6282239567481136 1.6945289921924322 0.192580296222638
8.7137980006472642 0.81968245867779432 1.1421562470600457 0.52383904141604432
7.6254661456241921 0.65081653323482502 1.6112884098117022 0.15221729184721888
7.6508557852057937 0.54915259622143031 0.19611677200127917 0.53533594916248006
7.6044077441676148 0.58590513537595956 1.381157337324096 0.29353863945246583
8.1403895996938154 0.44164100706012577 1.805974784426692 0.70405393172104935
7.0387355173349659 0.76710367214557806 1.333287676508661 0.21653550925346771
7.2676750595406805 0.32975352822263437 1.9951270854287231 0.68768143886495559
8.9961994493780093 0.61792256690541492 1.0440333860943305 0.33745096844748507
8.3028653019293728 0.86127935972303382 1.7061093678202763 0.21287937793291375
8.6087954039911345 0.14801929950644485 1.5469158295818743 0.75903485485412259
8.7365190705567759 0.79709604296962311 1.0890927279356026 0.77321308208624162
8.2698694053586248 0.16443319472006729 0.96763412359758239 0.41329637879193681
7.394593473635128 0.44456046902081481 0.81807535605257742 0.11153310500857407
8.1270306958672904 0.61325572927732719 1.9192389423119918 0.40958490675461912
8.2373886548047324 0.29797391936977069 1.8450228878905244 0.29553154441304119
8.6637236246164022 0.39404526511053006 0.69566251699110326 0.63086994559138698
7.7369436899063695 0.26604726650995048 0.35534726272212558 0.75564426361586989
7.4925640283713433 0.75505473211786134 0.48020583563969055 0.52670571606329442
8.2224200106049246 0.53041952492472599 0.78724451529526296 0.53061078108793291
7.8881198889311142 0.53571669031056224 0.61674041243466227 0.66584982529107106
7.0204197312567951 0.78158167581614946 0.15691266192183051 0.45095057480158118
8.3655424043885951 0.1045259305090733 1.1996843906431738 0.32081404197989394
7.5903578396925973 0.44879924564258811 0.9426050346701057 0.26781439651213457
8.8669189963904547 0.39061121855830305 1.5420482826141924 0.35676109646027399
8.6136438121080694 0.40766057500024433 1.9747512469346715 0.68204905629460966
7.9242042396464871 0.24613634727438041 1.3272778551533675 0.12967585962703687
7.2776289341547136 0.60646417634310801 1.2470584604065216 0.1852640433590777
8.3611471271803897 0.55650798205605356 0.92483535539938 0.46375953672494707
8.5587574743874804 0.12098273441001621 1.3417206916600772 0.71590990377263897
7.4972211791795429 0.27207316763918166 0.12764859604970444 0.12432188023493163
8.5965171847710575 0.57407077032414833 0.40503515233126097 0.13424775102546008
8.9134079677048703 0.68646618740544119 0.26986170759717809 0.37563913510392843
8.8700446439458567 0.62090537503769405 0.61753619706390261 0.36285149135410744
7.3805320544716562 0.45710733907767143 0.77827446763944563 0.73388372355795994
8.3942227334101585 0.15623639620738991 0.23635297922268506 0.16419178129106216
7.520833968848935 0.43032515212088696 1.5345159781515259 0.34935408720916616
8.31245148426828 0.67051536048225613 1.4726100159497482 0.77807908701218931
7.4334276510973822 0.23618656596735729 1.6540026762470887 0.71906020904071055
7.8690504233771597 0.2141584161683201 0.60817404203634817 0.30445085999760824
7.0680427741860319 0.57930245187588025 0.55161796252348105 0.59708646408804333
8.0840210778513768 0.76286381521852142 1.5229948201427699 0.64669935208026341
7.4618375035701163 0.4254139918436316 0.4582770634378136 0.31717040270049812
7.350125078345453 0.87529197190630548 1.462664050129393 0.69534687226643055
7.5824780968359278 0.48573283806752621 1.9939222426462513 0.47574603135959259
8.3824244410456288 0.22496586574306141 0.31683412406818862 0.26256653676313635
7.7428908009461974 0.47829489119604185 1.0019862944906419 0.31505156483579611
7.5577016332749114 0.43741690413665058 1.3705282579699707 0.18374243237210447
7.0522560364786671 0.2466784938798435 0.29187406225498258 0.43588753738836772
7.0469805716735134 0.34915715439090911 0.74424169980351151 0.24615453112303215
7.0096791932914897 0.28047814131942483 1.9401184582580495 0.32321109248667773
8.1655220451276875 0.43805271279327085 1.5724789954329919 0.78184005902496645
7.5939444228890718 0.67647248876049193 1.0951008539417433 0.23994100080801598
7.287649085573082 0.52150840932051901 0.13528684262868701 0.54059741498853053
7.0122824335792142 0.24561278570611489 1.5176031171245474 0.67894596509416705
7.5113392587530354 0.22942529298961778 0.73774159371372783 0.60521857785487665
7.5700433897928177 0.44618118307324484 1.4742032502075457 0.43129748525948397
8.077685752872874 0.7464626134299559 0.4910975521372678 0.369992785056934
7.0093318997952734 0.64005017325313052 1.7891065197323879 0.6884649813445739
7.9605454625622603 0.59405400072602521 0.4078524502620211 0.36728906735524391
8.9724104879833728 0.6670282171627272 1.9845858939513858 0.3880381632222013
7.3032878723282391 0.36285892270748277 1.3883035110761093 0.58805063727895035
7.954877937542074 0.70654792874528516 0.83549589777397892 0.41948573161909419
7.7835196627434176 0.89360363424414335 0.52374441132350757 0.66953565823418393
8.8205775162597639 0.40285072003478273 1.5448940530201307 0.44427081318974437
7.4573248489577235 0.11333159485134053 1.8483136117565433 0.34897341825385386
8.5089603667480791 0.55628807350931231 0.1524081390419354 0.71763541017487309
8.4114180058356691 0.41472889068084984 0.81370256260765106 0.43039356553328878
7.28854446025308 0.4246498534457458 0.29742143016613071 0.20084900851330123
8.0256213886162513 0.72098559275974383 0.55957465573053722 0.29835664129070172
8.0111205840074664 0.55778430065328677 1.120685210685024 0.48811086926423719
8.7691143526729398 0.18568150527225608 1.9012027997782124 0.6327993790697295
7.3788733113967373 0.4475603623328791 1.649972248191758 0.12740622417815964
8.4276986752116265 0.5942524508585757 1.7929242095015876 0.46050299727292421
7.8053956835521721 0.51319089303855825 1.6999943324123221 0.49070146084709476
7.286001711472216 0.60820876571412641 1.2371984140864596 0.64153131072437664
8.6111930694698327 0.39195779199842096 0.24240428523479385 0.43527871880625546
7.8042782773699368 0.77246432360300576 1.2896474806337628 0.10650164753101198
7.1572281570437282 0.75552061809759041 0.50829480610080069 0.62589627609393472
7.5818139128788573 0.39238553612957239 0.91715595365039637 0.71258183390046492
7.5519195083237118 0.60437734715912994 1.9282494764450822 0.16912623832919918
8.7620984628532188 0.13367507973650528 1.5693794270014392 0.43647526833447237
7.8778831227380373 0.22033872193661544 1.3022639387653128 0.39288522700820561
7.7389355346810866 0.61715439795025828 1.6633672126288963 0.72573293013274631
8.2074190197341128 0.7432038925125769 1.3563934505657973 0.37159257878848806
7.719317892202783 0.6916659787540691 0.5291571649931941 0.46124817264205942
7.7071311518269265 0.41990345702373932 1.2946571589995548 0.53495681871581147
7.41845250069741 0.37270516909141549 1.5072322688913995 0.53556253884746041
7.6164545038397868 0.35284108926294733 0.28104473630603966 0.58929989561436125
8.4562730861031046 0.63545844790720873 1.0198001655359135 0.27680188612269097
8.1770871143823172 0.1006836242923885 0.87350338854858345 0.36589566050274425
8.7285789183215989 0.34627214285248559 1.0026369394562096 0.66897136106326605
7.5059576071436833 0.13895516453954607 0.16095275651488603 0.63017542720900199
8.3478178909218741 0.64062269011888817 1.5574746980399214 0.44710114001779622
8.1975870475792849 0.43940224093374769 0.1255746831395535 0.44973324491924271
7.9687486463974997 0.28594433012907905 0.93405567902786091 0.28080223993574482
7.7979466719635111 0.80900249512349864 1.8944464554888225 0.32658219245130488
8.0847359123496734 0.14081768167590711 0.94910432850413806 0.57456730364565467
8.8939827766472916 0.25272801829279296 0.59521076646069637 0.56754749348312605
7.9590847648629044 0.62590850686509103 1.0621234826366597 0.1586513981412852
7.1485924393405895 0.57429874899564715 0.72359558763381615 0.32137077964401833
7.0171052921976518 0.40538909994759131 0.52660641202918712 0.14369040344257566
7.2283791618651687 0.22707245777695972 0.23231179941579327 0.25113402080047037
7.2631036184539326 0.12536792555566031 1.5466858884761905 0.11868774264118566
7.6025144354640934 0.76923059322748522 1.7867886743432784 0.38887848210323683
7.8298472817117837 0.87133679790925567 0.83454551590903647 0.19168251593081848
7.4112336828755394 0.89388496089148983 1.6723587156163759 0.27502307582070895
7.6185797014379277 0.38703903900321945 0.79147348682801166 0.4207643864428231
8.7355851497432671 0.28389126430705286 1.5181915515523823 0.73223053875479316
7.435613440170922 0.50466166765041842 1.2231218917205811 0.69887841205431778
7.5176044052864572 0.35348986342325228 1.6352162342053491 0.56852331797827682
8.8690627249144836 0.27049843663612017 0.78296579165509284 0.13525614735374222
8.0950302963798535 0.48967765355159421 0.59273380630918293 0.59820286939620348
8.5973193010778406 0.7559153236219589 0.95708705343660616 0.65787407821924937
8.7567503322263907 0.61599517958273087 1.9989795282084892 0.47682141483305762
8.0291963764781258 0.3347448710988129 0.41485757672666468 0.69596955945133065
8.6966647928470344 0.24765038879887927 1.093098168092661 0.38645439433886808
7.6934929005388213 0.73225708025281788 0.88346608744612509 0.38298572207575343
8.8150958658507914 0.20814771253122319 1.3312389554484052 0.67999014643016531
8.2625364978702329 0.82167137195547379 0.72642415751317224 0.79950781705593388
8.1543774843783616 0.84792892364866046 1.7339113516286722 0.69708281932077654
8.8484824254001477 0.11965899312067795 1.170725574417377 0.29783455356662281
8.2452352633783352 0.33066833627452119 1.0566247839955603 0.44271545506933729
8.9761804916708776 0.69054556133750666 0.63405959509882703 0.75589525560705617
8.82192796977324 0.88858658645005739 1.8975704897261287 0.34813947041046034
7.3901907998368657 0.75373684924930195 0.50382689327555763 0.10846074565768851
8.9415629473380314 0.18341615333774494 1.0173298970904314 0.4118601824539796
8.4178494629647549 0.18981432064413239 1.1587470243411386 0.42918865621401736
7.1280911784789058 0.57583098728543647 1.2727907466676189 0.27609992927040056
8.5114013870905882 0.84228029234764656 1.0160089184967218 0.43327461155666269
8.1665459575837556 0.63729717616716874 0.72760116418566845 0.20454457430712886
7.75860693326696 0.8434638372645249 0.53323481220127156 0.37777734771096794
7.1198255796659327 0.34946494666214167 1.2441421041661502 0.38243205885537512
7.4995285317422553 0.24913585831407975 1.5188056611178942 0.57691200423867262
8.6678539792557174 0.3862651427765047 1.449077015272715 0.13756329362435649
8.6612090190861259 0.42523194730022851 0.66225796161852868 0.34985504281786561
8.741632892356062 0.37204940324576252 1.9485262587665555 0.46475460448770878
7.4981477865072215 0.85318198053585048 1.1514250364015548 0.47184909122410645
7.9061211561079192 0.66480572795928905 1.6786452563661127 0.51152473811605659
7.8345602743237173 0.46404302576585388 1.2798759039746166 0.10062656385642826
8.7477009528555421 0.20995348022993568 1.90086618482103 0.5351402082048542
7.6039707129676763 0.29136297776420533 1.9233115826071661 0.20203089912053659
7.4766647772278549 0.50704597369810556 1.0989675369528029 0.52958322265066471
8.0144557922264106 0.22846191624616219 0.77356977591084253 0.4464761960025212
8.9622833951063914 0.89878206485722001 1.5969670112740602 0.78679480478929764
8.8556152088830427 0.59987420648942902 0.25792302805275114 0.10134578100893682
8.1326786939319859 0.36394248097616833 0.60905004274768881 0.18429573829097512
8.0373119521580492 0.16606024707467792 0.8643361786647995 0.17340523319173293
7.7494806191368628 0.40868300285012316 1.0898549706546037 0.62866441943938489
7.4370762216960618 0.66965693556804506 1.5548143964056884 0.79898502033813024
8.9845392531561856 0.66579705430896297 1.7670526056054863 0.71808628206174685
7.2545480701644749 0.72924775418038312 0.10324873948131159 0.46908913917727435
8.4955002895720302 0.33314569008873096 1.9427036100868882 0.44851338305378696
7.3953607316347894 0.54085639899440863 0.95327028354369614 0.34852049601653479
8.66259282151489 0.23578008184040194 0.21292169573885344 0.18717276266232891
7.991289327714636 0.89738398317883872 1.0533685999154379 0.66702599297306275
8.4238966034166172 0.70331599630264674 1.0021425833239272 0.68017527203802441
7.6667921421098244 0.65566469288235174 1.5391122209699981 0.21804686801020962
7.3712401260832507 0.7162453604526664 0.26256470395396403 0.16651792186525377
7.2304981489395139 0.65420804324590043 0.134125438157152 0.13577793517697026
8.4361731208632129 0.59164072250341748 1.1912094764936685 0.36853199958832994
7.9791648095367806 0.87663002810242918 1.6419060660231881 0.32838074518989169
7.595569420584857 0.14663148702366166 1.4861661064370288 0.4969122512176225
8.1965248062930112 0.31340845901269354 0.36555955752301461 0.14008458321693087
8.1111270264198723 0.56444465865916393 1.8140291243193583 0.13766874613637337
7.1075688992871662 0.53253251650094169 0.73635671888652621 0.55146781724838367
7.788210361713408 0.48487791665857571 1.3197601734822211 0.70214526904587082
7.532645382689255 0.17171677265816349 1.3403834942039012 0.20872307520108724
8.3605588279276493 0.7138916979155121 0.66947480801544068 0.47452227908910427
7.9202767240419867 0.62222909250912006 1.8125891635495079 0.36558466333462336
8.8851756586261423 0.61168243383331333 0.78818610636144526 0.68562078629623457
7.036153048720271 0.73477093187105891 0.98657434433570734 0.14721098284418793
7.3068170427520052 0.65130070032428844 0.94585962267022217 0.27651325709662916
7.9551859106488694 0.3466332527428222 0.50695439435387823 0.19227088988444657
8.5389873818035014 0.69904468471175296 1.4583572397033759 0.65469488308584323
7.5306979480778189 0.39128712723838832 1.1635619461959126 0.67817737977220804
7.7259916746409312 0.65297910789173463 1.8924671716964883 0.65723582040686224
7.6148010971185576 0.21734951765494981 0.68341311725829812 0.48395299331054165
7.7769414738681908 0.74563104934520075 1.3647527631934326 0.49283700698447686
8.4989630867767723 0.40378464369766753 0.99581572867691392 0.20553585498020654
8.5910832125190169 0.8567773848404312 0.75298009907773178 0.18119641090678384
8.0753891729037033 0.35746792878460298 1.7783077503176434 0.58526469969202477
7.8895343132885944 0.39318566825191248 1.1281650444086548 0.57114499037156241
8.7661413068939673 0.12014513913135136 1.8414683867926576 0.59173925166693997
7.566745053322177 0.80933562037691609 1.5752023325704243 0.48741126977253979
7.745791951234696 0.34657014340169423 1.9838044828601245 0.47386844909528247
8.3156325291996716 0.85389525624598139 1.8764162204892227 0.3317440227839269
8.7411416134116084 0.60870132365355933 1.5436428926612225 0.3462509975203365
8.1388887590318735 0.16800944284830688 0.43171151426218213 0.14596872509894493
7.7583033601897355 0.11414286100116233 0.32267421418318287 0.52898278685289746
8.9104237778855442 0.81556757155627579 1.58637311809137 0.30287042671836839
7.7398382443344342 0.67819186662618347 0.81034047789689823 0.54855932301937393
8.29543308427575 0.56575050110808378 0.35757235390931152 0.26974720777133931
8.4201970398811063 0.23071716766637826 1.7034191316878489 0.25123942107460617
8.8533036103319702 0.48219395957532085 1.4062025910007809 0.13156823465056589
7.3005279717952734 0.66661574222043707 1.7627411592430959 0.77220271145576203
7.8699495103006116 0.51978478522243399 0.80493238216434848 0.53049987422454681
7.1972701884887336 0.79899143680944473 0.99760819939199175 0.32410313469297414
7.2129289690202905 0.47619551018225159 1.0205901795011794 0.20162490483169176
7.4306146418549188 0.49138589768537144 0.4512303459342567 0.18463683904229763
7.222177651956593 0.50750113932600505 0.76111349872321876 0.21674584318124193
8.0045271965129317 0.53661715287169498 1.5830959592955214 0.37513539403584484
7.2038116514997341 0.80482370424332217 0.87907943881202877 0.20776067069896872
8.2870032585690296 0.70844491859409608 0.20739605739002587 0.21548491381043566
7.9391923437965346 0.73785367277841718 0.3586900852590168 0.61310348085012478
7.0417165965598532 0.37199588313417653 1.5129570531841829 0.74001885875787199
7.5598084181967007 0.4370796557671347 0.90823729327648739 0.33787907471380357
7.9744167842486267 0.51235483286378403 1.4376061161920524 0.71160400193118067
7.2627501705719233 0.76163318660542001 1.105564966967016 0.24371797798776004
7.2574573436667427 0.40818707870865856 1.6933424714414049 0.28561627360638975
7.5369240119510437 0.77724377944577494 0.2395398801251373 0.64379049041998726
7.1019852551108764 0.76064650487092478 0.90045815204947965 0.53774825313843677
7.3156557893157173 0.67714336721742407 1.152355242520692 0.53235744202143853
7.3741908052914074 0.3086782446600092 0.27869555484377773 0.27190382546982172
7.1027952436458577 0.48226878013562102 0.1810914416237846 0.54362093240135256
7.887309999464545 0.68855288525651581 1.9404351481138484 0.60553735073905623
7.0049623922238409 0.4176042015047664 0.9111045217698529 0.3299076522008717
8.3600504613671252 0.77869312874222008 0.19733001505749939 0.33382922875244436
7.7773326128811737 0.16248287157744673 0.22336320340365828 0.57953370155430994
8.710580432655803 0.13588673302043586 0.70427401653860144 0.69190904579961521
8.4648442998230955 0.34867988334015054 0.13605052359009681 0.5441493496996741
8.4749691642385123 0.1578214294432394 0.10889680568416429 0.20237296400241023
8.8304986826460539 0.82053623146263455 0.87769800153203659 0.41425710069801902
8.698183151038311 0.54420969276794506 1.6615642936076265 0.47963762134228671
7.0220364841965894 0.74595518782898407 1.193004190080718 0.49462781999564098
7.7351857433860136 0.13425100279654134 0.35370838581589448 0.64474246778676059
7.0781033405899834 0.70307049770602636 0.10841268614278478 0.49203204760893626
8.1211048670728356 0.25039010487446467 1.7198699856624688 0.26390084683904852
8.9242087877090075 0.46209044660818432 0.65907438392972395 0.63497959097222756
7.1905488956360575 0.28977131054912381 0.45559250033095988 0.6537511523703804
8.8523494505440148 0.10577491452428198 0.20371672188272197 0.24936746557757497
8.4492745507409239 0.38444796127023528 0.69000828790261004 0.67663131924130948
7.5073683547222139 0.85403612425765274 1.6027215432770583 0.20383400111277888
7.1063835821178234 0.24841326515061471 0.56149066660747737 0.78369552462692216
8.6332857272693957 0.79982121390150374 0.4366756801449837 0.78609797514533264
7.8666731997277379 0.34398506474572443 1.3282646604683561 0.22117298160441151
7.061103461205402 0.24277739573831889 1.5919001349135704 0.7909947674458232
8.1833589585803601 0.21701692960105481 0.25677900854574576 0.74915691940025197
7.2248849212327526 0.26856473256992131 1.8688996742345299 0.32787268276105175
8.9122194695219719 0.7520075490054734 0.55519748461826268 0.57363419026826012
7.7601323181446045 0.50602616293861791 1.7775575400956101 0.57266330232163187
7.4425360334266797 0.11435308232067626 0.79251604024997824 0.21345620781930316
8.2154784020896958 0.17778642154593172 0.7740962037120519 0.14343879925928507
7.1208384878760036 0.78992166937115782 0.8313697609069256 0.11569908651314927
7.8013108523221053 0.63185042254655099 0.36688599214272255 0.56805710455026581
7.3966347626600948 0.37658642915569318 0.74570538104637085 0.62062156483565012
7.9708453348230766 0.18010978923990528 0.97734321525471601 0.68663309431873121
7.6176041586736165 0.76205343766530509 0.65462606958637448 0.7374473485900549
8.3689234342180345 0.14506576365637514 0.31214695132680659 0.33345107308080946
8.4876582058541388 0.18923592952135579 0.36035758180522692 0.43415644066710635
8.8855983134423582 0.22749246583976254 0.47557979760820157 0.35929432772582048
7.5640988076523712 0.54813966040094486 1.495990110263739 0.10165255238828404
7.6421971731658216 0.65525236074663096 1.262597287167263 0.61598354966448343
7.2520283504332657 0.17671454176553991 1.39434325182126 0.15942640884417797
7.4486738424810257 0.7449359622950148 1.854800141896698 0.11425580216243048
7.9018191948364285 0.14708192709573903 1.8709890420100475 0.73465176174760205
7.5971325246682238 0.24066341336381591 1.2753389544231233 0.38905090010852461
7.7816611184225133 0.86670575788388016 1.0912744898611535 0.57705985922830894
8.572050630755129 0.65516483355780752 0.73895540208411692 0.62751662127703178
8.5472409782997296 0.48158438158732231 1.7975667402772035 0.74733965427360449
8.0791004976494865 0.49896456073122297 0.57344031231147752 0.37261657082101407
8.2868004830025797 0.73628676914640945 1.3541120869667982 0.10042065173642307
7.9447603512256926 0.35628172190510743 1.3740580240668199 0.65082580033608228
8.0420613892400059 0.66124495887449053 1.3628539728420628 0.24154930195679336
7.8148452521793255 0.58169199816724138 0.4398345869938679 0.69027928803843741
8.3545788447187039 0.5437005914956522 1.0657051021426283 0.79177946430088963
7.5629275196054371 0.63706225718497778 1.8579908743646585 0.71194175671097615
8.4859920674830569 0.7706834226557796 0.73978621289766544 0.48303955938486332
7.3361766763454348 0.23622886607478655 1.1102998664135857 0.68318873340021224
7.720967893021637 0.56077242742241407 0.75001624927651822 0.40764896670675055
8.1003279446457999 0.33517554224582835 1.7127777018365928 0.6657721796456314
7.8220147320843321 0.63849127567707964 0.61319745721207175 0.745871742951974
8.1643772031367803 0.21434780998328751 0.156058036942676 0.34442006842397965
8.923078705029365 0.23841654856467712 0.84409659148533467 0.53883661399551919
7.49413920069619 0.5084232727281941 1.6906789275242533 0.34358776474325203
8.3141171438183257 0.60886585608941945 0.21975168546188689 0.1966479694642381
8.0149802578603424 0.67292217537638166 0.46349686262463363 0.54724428561014971
7.6716249147638411 0.3934394091592438 1.1938931725342725 0.20660579156630221
7.1244163268124838 0.59745408544012057 1.0846684302294798 0.74486225550526997
8.1090581380948308 0.29560241536833975 0.99177319555099941 0.41568987450745365
8.6528879813198376 0.66380591953436752 0.25555645074375954 0.51005222184749033
8.4046297068882776 0.68281975852165033 0.3237713827855434 0.45283132780325819
7.7834100979303358 0.79787561527347728 0.85158038410868464 0.76083920639869063
7.8138761906088021 0.32448144734975626 1.126341384675126 0.30424475019599712
8.455354563414085 0.87240085390440913 0.33871244885389074 0.39794028940109882
8.8111339709358454 0.13314962678799863 1.3349517308725218 0.48337778892078098
7.7014173600198275 0.89719655791735942 0.78005444463221396 0.77976588538440716
8.9152222671679962 0.69068116916850086 1.9317555054972559 0.57796581686056125
8.6652387837189977 0.78572497332357949 1.3057513991693412 0.22627202219875034
7.1176123110372798 0.26685973446744526 1.8275568794647326 0.51090913442586916
8.3031471529690553 0.80670361871340468 0.66396045168779849 0.48454048085535073
8.6375604772356347 0.29284869852347784 1.4388957593826903 0.14246595828174741
7.8081395726627187 0.18733688977950735 1.2144183622884157 0.51891243827020639
8.9992531429902769 0.61728852683311985 1.7305245872228927 0.35231937640423705
8.191589235319686 0.88450023353797735 1.2965724785097827 0.5890840702031358
8.8619361878911462 0.54596033267422539 1.8326089435570683 0.56875270271931888
8.9503345728891048 0.37610439785100358 1.0113685347354155 0.5564899053440473
8.0763235761362999 0.69619169477205811 1.7393892410904173 0.66398553918282421
8.0527022682591056 0.61907843912803961 1.7750790510039942 0.61367536127069489
7.2918330431877685 0.49728119632934875 1.2651674649193823 0.63072068914581469
7.2501239204161685 0.41823879382457096 1.7471685013520115 0.77473466167416061
8.0814280102741751 0.6869772870411931 1.8637664050100735 0.7850747062734621
7.1791776037211905 0.17100714748673351 1.7155925680957014 0.4455503986017707
8.7175907104886843 0.4916775476477826 1.6720519706202521 0.62890313212141979
7.8411479911451396 0.76725821472879563 0.78346658822326021 0.40044678788177535
8.7239747370919947 0.68983083198768125 0.22541578521057634 0.26700719906471809
8.2846650517597666 0.76612594803550327 0.31786939644558238 0.18282866048524135
8.7657048071434467 0.3875251416242389 1.6054177076337626 0.57674728225209293
7.1962426693303332 0.22544193707433668 0.2576017942327633 0.5103283944595377
7.9317061843264831 0.81460170155407008 0.63007047684073569 0.65605976884900885
7.4016161921650516 0.30959259567736352 1.6132302153579969 0.79623363112765133
7.5402547511140678 0.86086917539692298 1.7697120447584094 0.35251607486099323
8.8161389807602593 0.25571864325412164 1.7778334479773055 0.35367756209592605
7.1085191130324894 0.43467984170367435 0.92273993514767716 0.50798840497432374
7.4505139551301509 0.51675239215727131 1.7556170098892505 0.55437439479387862
7.6633115002393843 0.52414198127113254 1.1223093537635156 0.37274541399576067
8.0167743471835884 0.87586148033782396 0.64240420157119771 0.20831541255610736
8.4489191407529542 0.20507900774692789 1.9706368864514225 0.36531802533362867
8.82943618525643 0.78822814673678143 0.99593742510770855 0.6284180149685048
8.7445916294969432 0.3970926324170867 1.6238705524797334 0.22718942736414735
8.5256941396748935 0.39572293127712987 0.88978513110433566 0.10255485730497309
7.9245683909075479 0.52330201774456075 1.7183999438808379 0.55080079447579788
7.1923659304508734 0.39487438689748178 0.52475278122710522 0.7904630092699555
7.9434606275754209 0.70160234989172576 1.8541818469049007 0.15568413739914136
7.1671588129413868 0.45320682340949148 0.72595125436261509 0.5558339633084749
7.862094250543521 0.11151940474214231 0.77551635111849626 0.5183217142360983
8.2163192757418546 0.57764826279462977 1.3187104235679936 0.61004401810769793
7.545344910571651 0.24715982021222835 0.81610805118899665 0.32728710692022894
7.4152614005067194 0.48747783099449926 0.79282312931501941 0.16525583289789766
7.4393488291790577 0.88495408351443239 1.7905746123526891 0.49541731595537342
7.5375047814920597 0.7991602467215817 1.9068598328180311 0.52405637684292683
8.0324056044290533 0.41429887444856794 1.5264260553587348 0.54363226670092279
7.7723648140550354 0.54614914215307631 1.0555892628613648 0.45253254840424573
8.1727373935018264 0.69481127977291002 0.38204065315045599 0.42222226872789781
8.3298384308070403 0.80784948668976331 0.45996664470926074 0.14958023740527643
7.7919542373214377 0.8866581137370364 1.9601689878841102 0.21961892261648963
8.168006946782068 0.69977652417802028 0.28343720222516577 0.51498341345148513
7.9702829370541233 0.19130020595865488 1.6528920092307489 0.68285778527118735
7.3700690599344947 0.7169406284650609 0.22699424802798299 0.41180364120787138
8.7703410255102749 0.2423111440162779 1.1470730443684749 0.30546221480485808
8.3430971262484572 0.76848809814204744 0.93087649176297904 0.66502392012295619
8.3969439809872153 0.75227388682347418 0.27145196222447765 0.2775666791353405
8.8787817948747598 0.63340882543635668 0.9771206083808972 0.53689296819522703
8.8526003064037813 0.20675993564976583 0.3137349393488521 0.2255115895106713
8.3137173125178183 0.4304397798873425 1.2395619328989553 0.28991951641968239
7.6343286274786673 0.71466819254242941 1.7272961414324721 0.64413068535651985
7.9904741530014993 0.45378233453870598 0.30828006210817882 0.30373990204395085
7.6521326220097468 0.37292110283342983 1.0501001200461035 0.75201922578752867
7.6238041951174216 0.56489254685596435 0.82497670004081547 0.29889357352851398
7.8395117601872473 0.58512384797136896 1.2416309195071966 0.73297681748181764
8.0004080939384963 0.77193425807836558 1.4979252272196291 0.58336677027636918
8.5059023778653113 0.29738468376450033 1.7633860609901164 0.47907724026549325
7.7461226775192635 0.54895645193295983 1.6575580067755957 0.60786558730545159
8.9411781740024523 0.6461842123781929 1.3852019836714304 0.43719906166203026
8.0677815367861996 0.23298350720708008 1.3962791645857684 0.5205801761603851
8.4393639171508941 0.41230189264810801 1.8797695702365409 0.53321982200359208
7.3592966025293025 0.84006496236962847 0.93952721408207951 0.37827926882020291
7.6757244503550455 0.40176414097678892 1.8610292843252105 0.35971477372216354
8.4628376080487442 0.46299107540532525 1.4705723181236767 0.19025858226153153
7.1889099570924158 0.80470563325693578 0.84009872977488387 0.6838064090466367
7.03365494824933 0.4410481394387572 1.0379103555396003 0.18016605174051914
7.7419111241444405 0.77673869776525517 1.5029113190815 0.14201077069487053
8.2438869329486355 0.44508195764912784 1.7314569421166495 0.51359739840390106
7.0374764854067342 0.74404406650404609 1.6838499474598465 0.60388140807927071
8.4886414745512049 0.61807098136605154 1.004266724827235 0.57534827417394518
8.6519817049775316 0.12243327854698342 1.1903044382875627 0.55032748366410755
8.1562971547451717 0.29090078955196147 1.6448163433598089 0.21108195108290542
7.8905444204098689 0.32869398855851184 1.7580613489044397 0.67293770865009095
8.9569426319619065 0.71537039122030976 1.7005153187163571 0.66852620989216582
7.082226381623614 0.81041350211002727 0.68075087114701927 0.17457933692984573
7.7179159572396303 0.17953043058061516 1.6937190953123069 0.72752604958034206
7.0844999243053088 0.89926839032356154 1.4472627831895271 0.71516988331552611
8.6011956602300188 0.74719243354925113 0.55784442784618982 0.26114230370987235
8.5881464246087447 0.51121545342703456 0.35232803827904147 0.60980587821221433
8.2548518383301897 0.47568903994214751 0.82708656504974598 0.58172287875417883
7.5634132205589157 0.22317205022600373 0.31810990305338221 0.10641081830537782
7.7754452738172777 0.28184522178491417 0.6595258352488339 0.45124936983706354
7.2439504230350167 0.10602073170580903 1.6960243965076869 0.2735240487873537
8.7583368275508899 0.1737375081175917 0.18144096416120886 0.29291379327067379
8.9143733708765893 0.54859432147624498 0.49574059022385808 0.29725803053317157
7.0651055858126162 0.43607185073520283 1.9129370683797038 0.30812647329439846
8.7461653257591756 0.16823311327526874 0.52771188084304155 0.57169126558836147
7.2011090037374705 0.53001499688572362 0.51042371425430244 0.76186386332034517
8.8697264035891408 0.47692141134854293 1.7716322348893248 0.46970519102559305
7.0041252022151612 0.13071908743952604 1.6139724071797397 0.32064993743904013
7.2364978459714839 0.7450619869249987 0.42007426484564891 0.70560976198661385
8.841775022327278 0.82357216064363614 1.6551067776101194 0.63140616624921242
7.0109832433659776 0.81823547905271676 1.9044926057886282 0.32535274782342016
7.170436262173018 0.74794533554448428 1.0971772597394096 0.46145358887836718
7.2168544331927293 0.88402234676909919 0.8151929963072102 0.6460509199472807
8.8747173376810586 0.73418546725739875 1.0813426084339726 0.17978986051371165
8.0533101869357573 0.14861872663801848 0.27540146607564231 0.7920602370056925
8.9446533088517697 0.46515232446560417 0.38710158837856312 0.26034750889380764
7.3477101197638559 0.58315424431383256 0.14892870316152143 0.12860722766048777
8.1147658819590696 0.50139503913264993 1.2708357842720985 0.76278614059640226
7.4720544422953088 0.86394845230000061 1.9784274733542255 0.27121502119908442
8.5774329664309565 0.23022249604720146 0.74659811478130933 0.21129495469178011
7.0571781472854562 0.58471234945349426 1.960669567935766 0.15841709264808074
7.6248512740795835 0.30233794634918409 0.46652051872406386 0.27109848314423313
8.1578370354249881 0.76565810156421232 0.95437877505252033 0.76757995534525691
8.7330560457385804 0.23406329979581886 0.86795827045538576 0.41493577462397935
7.7337983040423985 0.31894713366764643 1.6224682990604165 0.58229169747856202
8.7861495405412118 0.21624127159502485 0.65596334822873925 0.13053318765466565
7.4086641237500483 0.61673968166019133 0.95371381760332841 0.77631833427670982
7.3182942599101644 0.66556211851495295 0.4077523684035973 0.45733056422012486
7.8474316177902432 0.21783670811438027 0.19412593377257284 0.15171824088914332
8.0800260584137078 0.5972723421546593 0.24629418717853382 0.55807646459923343
8.3989856007600139 0.33221671314905876 1.4334271000473566 0.77637800084148101
7.4132018094615146 0.76900394620565915 0.11282819430804328 0.12941526532703879
8.3002916394582371 0.65788945298903734 0.33625032942978028 0.35377579152394922
8.3060524106623106 0.2453415267797083 0.68982243729236314 0.60833477941991165
8.9606761903419461 0.45404527946390838 1.5197742513804775 0.42331998230460144
7.1438181918875472 0.12777375920364847 0.66380420311131094 0.69331212062068703
8.6360008291637929 0.30054140170406163 0.92043918359186228 0.45141865126940872
8.4601326363914851 0.71649038559181288 0.11525941242212025 0.51056241555422077
7.5388388354496474 0.14340290777727677 1.4255733543312299 0.2687066657957069
8.5984255777328151 0.48792474665003127 0.82299845035016961 0.54823909233906321
7.2473929496667884 0.12630455401254204 1.4688473215852842 0.23460603640458669
8.1723324037999454 0.75244007675420821 1.0264940548826709 0.41477356942577837
7.7403509362496221 0.26575465840274015 1.066435962708016 0.50494948580010968
8.0412614858000531 0.2933135641361343 0.17484908661256574 0.55225994098265219
7.087410058895439 0.5213624780404037 1.8002724292397112 0.72428403966221933
7.9181093393197344 0.32708229714767578 0.3431687156291614 0.15358791437165736
7.3041207506618386 0.1881101174059911 0.64766859636094198 0.75722821664124607
8.425003297464233 0.85196490364920774 1.2563804310328037 0.50830954281495122
7.4058311717551213 0.11905999598278977 0.11786954687874199 0.39543776499478955
7.0863609438015214 0.83261132614816558 0.14673572680210817 0.70184828468792471
8.9695208487913849 0.48938326499022577 0.22043152673665797 0.1320082161809481
7.2446786263301348 0.76379214720357025 1.1144339228628526 0.64488681174124229
8.5312434865936186 0.8441934505296278 0.70317618552542704 0.79597499664247662
7.0915249763177997 0.46613944375689409 1.2219124886463053 0.62538673923922827
7.2457742403098395 0.30192941115382943 0.97095199568348911 0.14782142475264565
7.3093411337530467 0.49352883910291279 1.8261498522530482 0.31200003810200344
7.8971187135248151 0.14048831024120453 0.95536901533980334 0.60450834358339844
8.5786198080461542 0.74932173791992673 0.48160539306382932 0.67861049160945586
7.3234563368812013 0.48644288859797524 1.3361529573761903 0.54488597832510477
8.643069414514887 0.58560870102759655 0.71121036972286811 0.73692641187498342
7.9185231672659988 0.66400038201479883 0.36617646827871686 0.32000681257460517
8.4838079150435277 0.78923821678017669 1.5582386146943332 0.32370658241501432
8.8769736040466434 0.70664887697304624 0.55817395774690959 0.16345520460738014
7.7538059288646073 0.54319710805784405 0.23838884558370116 0.73710776971938474
8.6163371996525324 0.772220534242818 0.71435102905326342 0.70925434759732475
8.6080788476225116 0.3634697079739907 0.90195772491884829 0.16719939438418341
7.7087795872106 0.49491376768955686 1.6685926356156138 0.22222374209141596
8.7907473994458325 0.52394513512705421 1.6996155378318025 0.39446346369866592
8.7360420753530299 0.70108767899082058 0.57868573027830228 0.30687673032095208
7.4318005619423699 0.38081643754542382 0.55666400682003492 0.36700848099583117
8.8550692341845796 0.16158956969438421 0.62230487740261664 0.18471367978118042
7.9966559370962784 0.56474027619296729 1.660817458031747 0.79513048548614929
7.5374059929954527 0.16126021533525775 1.9064049299221064 0.59417807896212038
8.8870840999545262 0.65841865841607394 1.2227546487358618 0.35023016270309315
8.2310189951299311 0.10991632501062007 1.9326890924899298 0.27242532534935326
8.574020493237116 0.18312798255578425 1.2834022068129003 0.43376929526893182
8.2098686408180228 0.23945862186644862 1.5145364456126236 0.79888532332295736
8.3354203062487269 0.39277322070279519 1.4155598063132824 0.34736755214500337
7.0412289678255418 0.56669857693358228 1.6918801689609078 0.66230243416790502
7.1766836109400707 0.29655117329932312 0.17922247177730596 0.36276539024218624
7.9269173375958655 0.8756343021826849 1.0154890339538032 0.49358617354195378
7.4822060658927336 0.18427152955058751 0.139748187690523 0.21313013588809793
7.1123489390681431 0.78229335113869614 0.29502581782076576 0.24430621482225337
8.2037574201477792 0.58116377276613018 0.16455379598963976 0.78646829014739972
8.0311183680352869 0.44951352111838561 0.84138879591139759 0.71866736593586888
8.546770747686173 0.37749042353701012 0.88491919155886034 0.72038438963512563
7.2476176497398859 0.34168499392871832 1.7133990110964807 0.14449702913353751
7.3832586116933072 0.83088276465003919 1.7682413127620606 0.27549997145918342
7.638243600569159 0.7789472473592598 0.80316972071541992 0.52442666091134726
7.9072768222063399 0.27147520331148289 0.34505799130517811 0.34395848307846683
8.9076226165567913 0.82575394771881083 1.0416501686242141 0.1818930598823531
7.0319901594791716 0.47879344056975059 1.2540973046384407 0.49904493209764478
8.4440953863329149 0.23388913077432938 0.31857684698856714 0.18871503205988593
7.5545058065632835 0.64924267174764594 1.1188249468212232 0.58473557621632777
8.9042741348488565 0.63810499644746743 0.63070456985731005 0.27700982696303333
8.4583375963896081 0.10821723492499215 0.109760840744901 0.70462887967094501
8.6216513807971698 0.39393074954628571 0.35965496517415974 0.49028526634967184
7.5623329048902095 0.83414162849594453 0.89190560153495191 0.63592506477497557
7.5100640548101607 0.56701601546150271 1.6860104706825783 0.48069104341334623
7.9469493482307332 0.28328809417462564 1.9749412463334899 0.40190396773530068
7.200645120900818 0.56983886179653831 1.8680247048524796 0.69083594855965891
7.5131276040876269 0.25196272653263252 1.6146168820713585 0.27724841829716096
7.3141160557141127 0.75923713455355901 0.81711906977428828 0.1757142717785517
8.6852440211806456 0.31384597618920951 1.8835940705726235 0.77358779923905419
8.6572999885024977 0.69361159042679665 1.7148780938560899 0.67820714392397718
8.5178610820408398 0.72627400416507626 1.2568076345394985 0.7052791416611397
8.3802374167267999 0.39446817688892932 0.98883176669441131 0.40008858370516198
7.2496850513678712 0.61188471429821711 0.40719562148306399 0.55163689845031993
8.8262454695866488 0.80196042375074217 0.40939478866343115 0.5159535454111801
7.82875975681947 0.13933892910415324 1.0058507283638485 0.26084884694492538
8.5384944268159373 0.53323536105200409 1.2864468411194632 0.45423252369749145
7.7992949817283046 0.69426185558955411 0.86871313411646223 0.71320012093130469
7.1157247438046376 0.30593204491194947 0.81405876241743302 0.71556269444615273
7.6563866820259321 0.45947185775559241 0.95283147152344039 0.10291233990844363
7.5611400281344876 0.52017212320961848 1.1928497670994709 0.4476949428406326
7.8386378948878086 0.1282466068078876 1.3042486027026043 0.46506375045658932
8.0608076109499294 0.28487652328157931 0.39827820172098205 0.53832055102171072
8.5232459118704789 0.55426663982445412 1.4993572838468334 0.53577281261082865
7.8424147585579354 0.13560868868261575 1.9542460409103051 0.64851625100102417
7.1523612703767965 0.68493844566688566 1.5530026300244064 0.32038241193310513
8.7154719613474576 0.44902361159932935 0.13892747327322685 0.46312075005795317
8.5576536058978405 0.35873958542149198 1.6433685762862322 0.37429149387265326
7.337748574874225 0.68549677944699239 1.1857271480679423 0.78354153397550352
8.4229689467318014 0.31194869634543698 1.4815235001752076 0.45766880370493723
7.0355660012920556 0.82627883969762872 1.7856377373942955 0.56520930101366285
7.7097241729851245 0.35959018964371148 1.8069332318522204 0.64912145841385771
7.4191458917198077 0.15395166685679157 1.9758443482822079 0.72071888427946618
7.6196469829911884 0.8956180661714479 0.72069845343109373 0.57949968921624972
8.1648989685900784 0.59774350012822397 0.77686004210996351 0.79654248777263448
7.8529189905443291 0.42573887570343916 1.9531432640970783 0.35481218725766539
7.8257155982015254 0.38591155345518102 1.9640475815689171 0.76398974783029072
7.9873061096225371 0.61103664424198201 0.38778070180218904 0.22180776816920045
7.5161263906427758 0.69874344859296533 1.3433815508356048 0.79528095358830164
8.9478483270482503 0.59832483169408757 1.648818354047374 0.46958793896582907
7.0493322930892548 0.57458858370895904 1.6465758604304543 0.7642760216776382
7.6431927637089201 0.57552497463710361 1.355853812342934 0.13814225526124202
8.3889735791306883 0.64638386759256783 1.4275023978491013 0.38126418107105442
7.470580555896805 0.82756310224055774 1.8971831445358331 0.4662006505412003
7.8169273161348221 0.46227126691100295 0.35129641403748302 0.16586216273059515
8.4653487503732503 0.3736520610128905 1.2347313881631448 0.69763584480218377
7.9374555262515827 0.31644712676044096 0.66621812018482451 0.42723156525512529
8.2895248380213857 0.10225711251636203 1.5519083558830249 0.42541910031406038
8.6166505833230485 0.13658078611425137 0.9744191254732526 0.4561899696638283
7.543263592253342 0.69559821298219349 1.4561546214162089 0.50224901867826199
8.6602064194042789 0.64647571156342176 0.22762043541021487 0.17180749883660162
7.5406902796315531 0.67465282970962026 0.91815356011377758 0.71471856468337047
7.0135923192767402 0.14954928411433405 1.7265544747045154 0.18147646879601331
8.0977621750664817 0.46867172598951157 1.954909415521614 0.44284783260825322
8.4333590192214398 0.28763127895806695 0.45295175038216784 0.15963228339644311
7.5609385156134055 0.87899509309429991 1.5444179239819973 0.54288634943216174
8.9616330721857764 0.80277729867522019 0.5904634260155005 0.42203426482830653
7.6821968596804009 0.87409847240405802 0.17966807782874095 0.79501620690874686
8.6464620958201319 0.45887303545688241 0.99442031146506071 0.50342843198073906
8.9809452755264889 0.86934986209949294 0.58719263877297578 0.65697912102152722
7.045077526019921 0.48598198766754475 1.498454778647061 0.7067805320135645
7.8200770804221929 0.59971916052336438 1.2077129116065322 0.5738586003226861
7.5219226395010752 0.31959761565542621 1.1497377323769455 0.46258181204521054
7.1480324882229347 0.87901633360992948 0.51020929094521383 0.5938252858205888
8.0031758676032005 0.5604583338386977 0.23896438301058356 0.12409908186890684
8.0096078910209254 0.64736528451790587 0.6194807285767453 0.20307007115145889
8.9433772613275693 0.62290459268245579 0.21606615128940973 0.26943650714218337
7.4552102540337142 0.41935527822621499 0.2092667993925334 0.29194272289954171
8.0151386137596905 0.41578557551697481 1.8889811345655891 0.58058824010809784
7.7760266440034336 0.63930204156657222 1.0514136772169755 0.52185592189073038
7.615585813537173 0.27939182517970451 1.9774948137095412 0.40914002276369354
8.5297371369157151 0.65545250358046414 0.89336617854507894 0.3144647138256918
7.1109124312522205 0.59687036712744335 1.665130482604817 0.4078911464575935
7.8038427458937374 0.11889492163418182 1.7970825822065839 0.45393215461503544
7.031329379626845 0.45069455264605274 1.8333824060883634 0.4950752262174325
8.5241241922276707 0.17871263848104854 0.97036399499412684 0.76152383963970771
7.8430863764913301 0.13979521473232509 1.249128417503949 0.27842478006518173
7.3529069923277826 0.50222884882955532 1.7704930965183068 0.17006308466017336
8.0226030099832961 0.28897890532394532 1.8409074188442098 0.34522387033611379
7.551468949177587 0.52450391788880801 0.44022621307522947 0.11528336748736527
8.7756766212148669 0.66792214005909156 1.7224016388323815 0.47604429023513073
8.1139320415863452 0.85900302693981989 0.98863550130464384 0.33613731518800249
8.6836097849967651 0.41957319428321227 0.97229177505968789 0.63938124223099979
7.1985090748525682 0.49417468708860068 1.8563708773172547 0.78829879049648288
7.6944974847866252 0.6031103893561538 1.4304517639894518 0.54894816525289181
7.6287868686796276 0.26758783212805148 0.10568776270057943 0.67575802031572429
7.8246528173628178 0.22290431827877777 1.3764734836861257 0.31527139901444245
8.1450783866386551 0.8108503628400745 1.5951508229680453 0.19728313309614806
7.3320931059487675 0.10776170509301154 1.596345206077745 0.60751026963611188
8.1129327887956943 0.82297227030807041 1.4711171113583874 0.68578557629521275
7.0260743403902604 0.47649070454754294 0.32196936273708943 0.35816170266387704
7.3844522830690593 0.70462395090402896 0.74936094067097359 0.34960768572723727
8.9515425292668347 0.46182556840229982 1.1953362006856403 0.54523820269029089
8.152384764318791 0.3991325869574891 0.83693289902761114 0.14876463045503327
7.7121681796945376 0.70520006265791269 1.3906285606707987 0.35422427119341193
8.909292612098179 0.37731931186948076 0.34992434419288176 0.60411006264667089
7.4699953177118434 0.60178525058529386 1.755974661007254 0.75848146233944036
8.1912558833507418 0.83654760843148324 0.40295375928474375 0.39892287962775419
7.5084033938368062 0.70911485043668843 0.85456156064313715 0.11254401923022415
7.2380978851062938 0.79529563229916134 0.52590463820572586 0.22419442568782988
8.9212775028861149 0.12714695007503674 0.68405989344373719 0.74402253843708455
7.3886109413357337 0.86867416287287524 0.33187934102826816 0.74289685188438992
8.166184214353045 0.23984519627744852 1.2141187627492587 0.62124722802747367
8.821146052581021 0.55312687594104648 0.63624493628618506 0.77062956200088828
7.2646147313024985 0.37061761780184665 0.87015035893915305 0.7566383232957441
7.6927000130153784 0.88603615398042712 1.1041792658398855 0.32970695416592688
7.0640877855505444 0.23818980321081254 1.0862088446512421 0.51660323351045767
8.980385343568793 0.47116727375621037 0.34907825604386988 0.38449726760387104
8.7140477081725027 0.11276827038188707 0.3816428342235505 0.29365528274037833
8.4724385614542612 0.40134779431060374 0.51748534706563354 0.52158856834317757
8.6703416331094978 0.38423220579289197 1.8645554315406625 0.32700126157546738
8.4867770393524609 0.77638433619573355 0.21481924377771214 0.18901654755282793
7.5963527835259681 0.36626193915346483 0.47575503627296345 0.61418603001312377
8.0177877737111682 0.30134977785601991 1.2019594906228908 0.20918396943570561
8.5447720603282917 0.74073227289020427 0.80443792855203955 0.13654073783945803
8.2781514301118442 0.73998237392198341 1.4647178355463963 0.49879143303615003
8.3787845422095408 0.74881899533072527 1.4635878731870084 0.70581369584139009
7.3173308450051593 0.71405098127596456 1.3586235526518748 0.66051192479609755
8.0024862395166974 0.41080107171209723 0.32437113416579044 0.52248982085738471
8.7674266419878268 0.57798253535625088 1.536030664718824 0.1553773137827936
8.2296205637921567 0.87338994732280095 0.57964613592384251 0.51738834822722013
7.7744247125972397 0.87263834686894604 1.7232825772361697 0.65349190130668044
8.687807422042269 0.54671188242796631 0.58036033976694512 0.45609813534823596
8.9471020334899567 0.64476163864976788 0.99505529760026223 0.598359385030653
8.4507107479210273 0.3278042388370811 1.2637272011009937 0.39044643375104882
7.4076720683630013 0.24152190944002383 1.0526870969639217 0.4774026526486379
7.0212415666177979 0.55152215891398959 0.17412750337817667 0.17090631399292411
7.9806616294159323 0.12462190071089413 0.49741931124149508 0.20258570972491347
7.8535413851766354 0.10289511819436239 0.56319055161675424 0.62221819340466122
8.7422867209725226 0.56594540432537677 0.85708797395015013 0.31361608917878281
7.1552144582595396 0.77370810468416351 1.6262864493293312 0.64965514677807201
8.5534523213545803 0.68966866411665317 1.8381385270711676 0.33717041916819568
7.41000589474951 0.67300118106066853 0.37214885165492306 0.33305711793237913
7.3146356320824788 0.54485302273933833 1.4434546552596581 0.11941391533441682
7.3337674586178316 0.43303779042666346 1.2115521707786536 0.72683528491103244
7.9418352548470361 0.67119092546565962 1.6404218211526598 0.63764982155153116
7.3547725933865902 0.36040853323822863 1.1234638522415641 0.16233847349137462
7.3646773430662664 0.39999641107571426 0.60499499557228886 0.56672401456968546
8.7187268186090794 0.5824644040560113 1.9696499419518529 0.75867191874595263
8.1170613222384613 0.45199702131393094 1.3926237603210747 0.10360696922353495
7.807644582271549 0.46539296648994666 0.42083181910878165 0.53943362482058477
7.6636890119948911 0.67562038725987972 1.9075955710977111 0.23539404966743738
8.0749776944769653 0.44187173268093138 0.24026186247348846 0.14189498931236871
7.7033778375062711 0.15763379239690772 1.6595564597316232 0.56993146536693695
7.9056845122420079 0.25467495517958338 1.478820963583936 0.16392843582802291
8.953900972086327 0.22787418664878611 0.45236679632966481 0.20991398107190301
7.4471593407081897 0.1514994995988298 1.607797074921699 0.73406614642496826
8.0067661657239153 0.74049963247625139 0.82447682142138456 0.20189369900018761
8.5734054777400495 0.1152426048849326 1.1475847871789315 0.42107765015000775
8.392580689292398 0.21915300679825137 1.0137501941012144 0.51844128666893141
8.521648790380949 0.80988879880715769 0.8057718685311569 0.65289144944336164
8.1687239514955934 0.88706900720849846 0.8823094021898521 0.19463314096414513
8.0198067243838551 0.54182244520316147 0.12728337455067076 0.3466320075295542
7.932059601683525 0.84756530512265815 0.33446317710975454 0.10344243941701896
7.992284190216191 0.64291504363188001 1.1092015415795038 0.49759011258040342
7.7166371654876755 0.42817123681085489 0.74732081791235372 0.14561189460222224
8.6290160138712686 0.47333330674007601 1.2300306542425736 0.21948834167188608
8.1428943869802346 0.64897846629750322 1.4411427992556962 0.55107235805892363
8.0795501664846281 0.53294791860665602 1.6870949469082057 0.25564601757372002
8.9792569897072259 0.21314744902844418 0.95891502755522928 0.72149895931802221
7.4847750566066171 0.79725797802906262 0.2795120850031606 0.54934150764177192
8.7306449376710322 0.2884860950447749 1.4722157644672869 0.66025831296520054
7.6449233569668085 0.29681244191538414 1.5596095487590043 0.73975838273224148
8.6692929640608334 0.82891334466497479 0.12148959257219195 0.48246260160983623
7.8721762690097172 0.34692021060818323 1.6483999826303688 0.77003248641850697
7.3537744768838289 0.88086407547300538 1.1616230842985313 0.25629997376243269
8.8283137066299169 0.35065124434412487 1.3679951027944426 0.46189937670195003
8.7545051227508619 0.14105543617821673 0.8879862365827359 0.56128415360189421
8.3919692544048967 0.80865950814442755 1.2180321747906684 0.2463119864942894
8.76025939021482 0.62641944034015162 1.227038481311818 0.70992810369784232
8.5183454512611068 0.50171590294818913 1.7551555128401348 0.58289498111332871
8.3216976497952686 0.44089036317524655 1.3501056786418792 0.62062857481404532
8.7804703624729914 0.26969584834808014 1.7153761730922725 0.48385168071771389
7.9579271104939986 0.12385778543914032 1.3503799560217673 0.74761442270239109
8.4387895388470717 0.89543033636252423 1.5684920122636106 0.60139700824092457
8.9639967801830416 0.24656218766649493 0.76634393344326712 0.68873352909337493
7.7342641013426467 0.35123767833493003 0.53995337052663239 0.29120584159770702
7.660342361694898 0.83762652683132044 1.1406354446157985 0.16527832326577513
7.876854201922602 0.6349880226130219 0.76367834348278207 0.14626771396398552
8.5660217706739026 0.17540741224853157 1.4141826830304103 0.62807823158269394
7.8841336890453944 0.55721447560767678 1.3661446054631967 0.49219561900905917
7.7597597555369235 0.26535878957592285 0.50932466045948932 0.31572533907261147
8.143782441839722 0.45055360289644619 1.5633295182442541 0.6963861879737776
8.712733689638144 0.41715588947137716 0.79768363046999768 0.39607404788301925
7.833613347859143 0.15444965989904677 0.74921425939706487 0.61179238933857338
8.7999597480566152 0.31545914856872415 0.55234730334550719 0.51995247548251144
8.561253144239819 0.81773493527216023 0.31968804710707854 0.28763941930171011
7.518901993111216 0.16085559259223248 1.5614277529648932 0.39241311747764029
7.631529659123534 0.39653329014804239 1.6085948222203428 0.52512095832438921
7.942023841175236 0.33851473759644524 0.66188432807390585 0.52223520358946141
8.995295882116034 0.78721767298651879 0.34569438232315036 0.41577919771868899
7.856482837862969 0.56684406098555995 1.8906688957447697 0.797450365152228
7.6542597428485823 0.17882242287784295 0.84336093562556969 0.36679649232584277
8.2947957029468338 0.45097835165323596 0.58230987175821436 0.54667572623199356
7.8323377148174487 0.61234384012811149 0.14477969544262215 0.63638321546954346
8.1009953116963551 0.88762647986555188 1.3835072911026132 0.1741513458583846
8.4977221080635026 0.85267726927989396 0.47944965521245553 0.53933022786421347
7.2216110680580305 0.10359079137390699 1.0849412493123443 0.67501759791388682
8.9547118312120766 0.88822360082065133 0.29888436044915134 0.66137778106675915
7.0282454079313101 0.75991784200775392 1.1532982379865484 0.65539780775811041
7.5315898732883131 0.55719679962193847 0.69920869662953089 0.41802514647109479
8.4207804326575584 0.58325628668915752 1.4367803268476136 0.75623314259030439
7.7118552797024051 0.79810328695700317 1.035144755292287 0.33547939994157727
8.3810638301033862 0.38655402080070211 1.9850599060142504 0.2740671959698503
8.5557413947878551 0.76525409590492888 1.7651777897018202 0.48210341068525497
7.1100682209325274 0.31797791773254924 0.60334970509572738 0.26543903900004162
8.9352179405018326 0.33129592572517508 1.5249419661658912 0.28897553638848983
8.1370831653855475 0.18892908090371785 0.97399789994043662 0.52837554076737425
8.2167709047012902 0.53188196715012592 1.553396580037758 0.45190360907283589
7.7507567907841359 0.58707089219274855 1.9110093011072731 0.12695870705791742
8.5999399050563614 0.83557002112021217 1.9501840769214003 0.72911718941987469
7.45578459594861 0.35194845052485313 0.26348073133775157 0.65882118459030958
8.3974360177777729 0.18149536012843481 0.66083178618332006 0.7810835861690687
8.123140098592124 0.81752921072872442 1.1080159375923668 0.5638947713785748
8.6017487326284652 0.67951417010366966 1.2520436402118498 0.7979196396566135
7.7213246715559771 0.60110981707013778 0.12934208239183873 0.43996291775415841
8.1307365942291945 0.37179818122921249 1.7189061720062691 0.35863719057887467
7.0391290629058689 0.65213291395104556 1.4127486469153492 0.41755285762766359
7.6554392962668221 0.33573767200221172 1.594407280008914 0.15156459467829908
7.1166716749948637 0.80243146962183498 1.4914125183190399 0.78023980626534173
7.7800408860775985 0.86743451044535769 0.80734058380864593 0.61777543986699668
8.2744046007975562 0.69832853891358038 1.0966191811136605 0.37893977874876072
7.1562512621408256 0.39500903258355413 0.18654167908285779 0.11369865479147499
8.2557388101170375 0.47064552617461308 1.8406692233456643 0.10810129381553057
7.2432477197352858 0.88691928935709985 1.5395086014008583 0.64826463632363973
7.8363566623923546 0.7028669795605349 0.60384822713657416 0.23478354453286751
8.4403643467877565 0.64807217766665437 1.5344510219842551 0.31472730241841773
7.3448115562084535 0.37333820039788068 0.45735408948391421 0.4704205959879072
8.3853759740833045 0.51478783082102531 0.49986681847854586 0.18811243174115982
8.8051559031737909 0.84165889104045422 0.69179361672279505 0.32442017267150647
7.592696246998087 0.25369318349776571 1.131755659611599 0.34708952126592679
8.2026647201467888 0.73192218612912929 1.8176908224478157 0.29097208427507326
8.6381508563559422 0.81704656979430024 0.32955153636727763 0.56234092320940776
8.0455211909517228 0.26006294753866277 0.27849674297920929 0.12573423214370508
8.5819076994385597 0.19678381652688215 1.1849598786753461 0.33474424982044332
7.6962033233857383 0.26739010502388094 1.3595558309436448 0.57927593687035672
8.3316579444687342 0.20771229335869956 1.8398720990692941 0.47946080958655179
8.540966874263427 0.70458217085196218 0.49173839871526281 0.11839367278394075
7.118400150067175 0.39055457341441047 0.30638339204647458 0.36814448425035695
8.9486334033292501 0.72995492188542521 1.5225057012547536 0.66344229796374132
7.0400096345221437 0.34403516667470263 0.62665050378253639 0.14086207984779725
8.2290530882036261 0.17539647228240754 1.6764699295126455 0.45452661471396527
7.0737568073302874 0.16054270892704628 1.3731198523004082 0.59766846458600609
7.0978986007624583 0.61406826425336336 1.0579087964893967 0.27734439815731221
8.7384047710848947 0.327557305060588 1.980280115682026 0.64705043680572649
8.6286324015652269 0.37137405694234882 1.6611714174694128 0.50015333592853539
8.846656870790568 0.86048089132296879 1.0239101397718124 0.46452138764323614
8.6845900375484053 0.82551864895721694 1.1793306167356494 0.25741635354505854
8.2018529640708273 0.47373018175594639 1.5717429563299938 0.51823955539085054
8.1070143346344459 0.30844158317798009 1.0322391930418018 0.63910334525122525
7.2468378741081771 0.40271992898822784 0.1412472377446792 0.25371136087381818
8.9457095426933364 0.32024411322200452 0.93586966886042189 0.11960296838471524
7.6219609970579523 0.67506910376641927 1.3276767641969047 0.54134065758445515
7.2355299030239424 0.21298368368649076 0.70626376651697842 0.55792939554683241
7.9172131757126181 0.85935581784461623 1.2790289753982937 0.33282651612279712
7.4663825524678336 0.75002536572538536 0.23520637491320115 0.3478034934513341
7.2335011296327476 0.21058179792010942 0.88006962156615232 0.38602451328359288
7.0039922101161229 0.38762625846661958 1.8565890812168047 0.64569417552499975
7.9461505064227635 0.4726270751629692 1.0999582113441886 0.7631162549223578
8.688384985069268 0.5568079602044409 0.90281175396316193 0.54793040045123953
7.3663952896785325 0.7321955134814121 0.81115011334590115 0.58381829549088671
7.6193807390583803 0.63751724133933163 0.82794314603049823 0.49425222551982251
8.1992371218041082 0.89642779788247562 0.24360434059931396 0.65903270119558688
8.0401945494155829 0.83891734155329967 1.04125243817405 0.78203017275148023
7.9663256883373421 0.47391471422562814 0.53133482197567772 0.75031718679409187
8.861146245187669 0.60398318178626209 1.274278573031397 0.19736263716222618
7.810403325656667 0.68421902514895216 0.18704200604521848 0.7684114883424279
7.8837941823984634 0.58903810671125267 1.5556921798570711 0.20571940351195978
8.008810174198878 0.84151287623961146 0.31432442546700923 0.58663388360421576
7.4175457655837151 0.15970934682538615 0.81638285525063004 0.71009560321118426
8.6789509203634214 0.35212070433357423 1.1625412187903417 0.51387401079105155
7.3416683903383833 0.39682463883462116 1.9364922331777774 0.48551635240887536
8.0688998696941105 0.66052951742289456 0.52077657244396935 0.41731467683181378
7.8740762678734191 0.29032309931561828 1.2169854887124991 0.72006839430054581
7.0079520906275894 0.74974422988647249 0.39860763323862991 0.64249286846868259
7.3309960967846752 0.60786260850669038 1.1323050576770599 0.56065314995959914
7.7621999328684366 0.71246681043164617 1.091522808694491 0.63461558788714356
7.0851461369291959 0.73490739343335421 0.98699334921392823 0.4041174896572981
7.4014525590354765 0.30984827452680308 1.8220312333241537 0.787911069032595
7.2962952305712943 0.86799488826230398 1.8784662616002028 0.20943738893443214
8.2908132355862101 0.6036615575869374 1.1647736290114263 0.29820911278187812
7.7298075173530449 0.18378107486992348 1.3176319672710051 0.17508267571821637
8.7221860547772181 0.2059491791216308 0.80624198823360882 0.74967860997585289
7.0628710660199729 0.50916099277713989 0.34841293698096842 0.60214503174944423
7.1275597671027429 0.20110719205899255 1.022851495665374 0.37651369710707194
7.5564288252695606 0.2216959989646774 1.097765886496024 0.19103295668158099
7.5459642742860424 0.30116023331749597 0.76671810290938291 0.37763370754249026
8.2767779439647899 0.76034562278776863 0.34361716671268827 0.42373356135377671
8.9118672727721275 0.76991463313837616 1.2513170918683874 0.17547469764257276
8.1623889545485966 0.73391190380895854 1.6202656178282762 0.20053343747269953
8.383476684537726 0.39160214942862448 0.82150982501597591 0.55314574992698717
7.209494351854711 0.32803980557189982 0.6722105996136376 0.48675778404092318
7.0645590482091123 0.43207033555612728 1.174719149302359 0.72967739954537181
7.0925586825781597 0.77841115008436168 0.62380645409179292 0.48694856514663187
8.7768781769811124 0.44138226023434457 0.37499462597155409 0.21662513200797168
8.6199395924249895 0.71155896739006363 1.6428096753773658 0.40869575209959041
8.9287153351217974 0.78112915897085555 1.8520335463481843 0.21599017675962057
8.9918432344845662 0.8927064604162197 1.5201974956403779 0.38017867539753114
7.6786106485379095 0.8594458807699431 1.5326583014315565 0.74706202771273911
8.0476940351910997 0.54332000451761764 0.50763538337624114 0.56025086067395435
7.3259350585195024 0.8498925744976894 0.43349741007079345 0.42640795807201737
7.8787044841106999 0.19836112788351859 1.1047163142041658 0.43683819151822334
7.6389106722142435 0.73165492380921993 0.52528685085642701 0.26667884102394934
7.704797296063993 0.14970147494199365 0.93410277585199997 0.45786585829057647
8.6972509225092836 0.42766819777690956 0.83889340562348291 0.59689882209858125
8.6484350611826724 0.77469416298407601 0.21926380232758763 0.51185847195869294
8.9390321739763223 0.7129536533053219 0.27450522610539024 0.72314654051505667
7.8631117120708849 0.79972128236267437 0.50621511559348586 0.73858202058226852
7.8374903825368438 0.14370969961969934 0.76451356318016661 0.77405626740631051
8.6630621926816911 0.37798960804088699 1.0274346115509265 0.4680236266133132
8.3469960183128418 0.28780128826533524 1.6042962323195591 0.76297017475882933
7.1956951230316903 0.51377012170761449 0.50298847102659949 0.40126997501422113
8.0667682605858442 0.83921230566116978 1.4627799216810291 0.29066949662706748
8.8460605089478594 0.384710283580326 1.3155832692424849 0.2801871840837461
7.7930762598547103 0.1407659755081106 0.71037059831706106 0.30510288922726225
8.2961449227118891 0.80601495256493538 1.9034285432829381 0.66003833520317923
8.1102055862584752 0.42936039196041664 0.52172721137623446 0.55826071440471881
8.417492227353522 0.28261013596753337 0.15083151156263896 0.60602862033601279
8.3023399034625349 0.53096917466647642 1.048068757154252 0.41105139990212414
8.2739147895052163 0.1854580989223055 0.79360894780174529 0.27600714271553073
7.3349626480543435 0.67597129121967814 0.9806293259785418 0.71356669070462331
7.4588395134643868 0.31678062967458265 0.28838474548637016 0.35076969410587022
8.5728149472229038 0.18945870267861797 0.8723084023519081 0.59538422714781158
8.7401587009692054 0.83702743084828179 1.1594844481174955 0.58944997209179451
8.7371298931162311 0.51909840136216256 1.9487183825901695 0.55559501766632091
7.8989752726401719 0.69991083393619258 1.708463409966396 0.77294611540267111
7.0487420355927597 0.19288366151551439 0.88618888884723412 0.53848933781207386
7.0428553065978914 0.39012272332184972 1.1196771159588805 0.79455607745149059
8.3871923073581574 0.14314082019150687 1.1432418287475472 0.69822151663991039
7.7484871288747783 0.20829267201421614 1.8947510714008362 0.32189745789019286
8.1673140340579824 0.52560927690851067 1.6736369713926695 0.63811229174925888
8.7635631239427063 0.24752329034446735 0.83380690654485834 0.69646091425558554
7.2576179301466945 0.87046591086219827 0.60764315113138101 0.67921962712490402
7.0324633195382704 0.19476407900330767 1.2831164217434465 0.4016771694763509
7.2589121811142103 0.43673707763546521 0.90119360086798639 0.68362221097394982
8.9705738592067252 0.86908549131155266 1.4531977395826334 0.2277495851594388
8.7453861898550418 0.53746912710582539 0.81448516376181068 0.15663966751948047
8.6698879314699475 0.42091581149437418 1.4245671789848986 0.37933497633978841
7.7547895731895649 0.27401690058977113 1.6699044291655545 0.27866559910166333
8.9206897353301091 0.51002224617543856 0.79922156421623969 0.11723222244719719
8.9180502822146188 0.56812149530911582 0.19769492810476563 0.66547958949026009
8.7749135874647575 0.68309783013811542 1.3485900103884714 0.44828399327789403
7.2644757496442267 0.37550477970620999 0.75091605568358266 0.54622351308084627
8.6070333073771721 0.59518989160711266 0.5493993836893043 0.16787637385924958
7.4196462724669523 0.13399473854493948 1.7591027952407783 0.21085533983937138
7.6491294070560656 0.731446383606001 0.95768294681921362 0.62762649649783631
8.4826178468875355 0.58792760178093728 0.39541832895294537 0.59736518865573174
8.0542161901862297 0.35586714021192367 0.57176599774841508 0.26733788151940152
7.5583557009571809 0.47759282018226346 1.4144119737458631 0.11902425211689965
7.5171539932456852 0.36086253205116459 0.6706504568504007 0.74509194429928616
7.5784724946933038 0.87201559430274489 1.1267738968858527 0.57068633482475661
8.0218090496336849 0.76776992873683747 0.16338187425547868 0.50544326427362141
7.0127012766952479 0.34309784925585607 1.8746349846649939 0.37038566095330039
8.26326370838499 0.76623762455690692 1.7142101533464733 0.38965668870919556
7.3015257148223114 0.58412698905740634 1.5257039214414216 0.44523898477676949
7.2845560585674622 0.79168218857835493 1.7586931139765567 0.50139700788338315
7.2764964380280661 0.46777976491985906 0.70563934031355857 0.50375497733533092
7.4958465676828707 0.27754593306339437 1.2002952428952833 0.52142614308506696
7.7306314599475128 0.16766942298439036 1.5811152665371824 0.24517282278078043
7.8780410288893172 0.19418781442824742 1.0614273661437041 0.54176146131018854
7.4947537391853629 0.77433457569366015 1.8770088598349393 0.66366411905120615
8.7795816849595365 0.34828931928944518 0.20223204901981207 0.43485784746153211
8.823667060984139 0.60003917765640113 0.37349068932236629 0.31245045353384449
7.5724075380539695 0.69260230817035473 0.20137807146462539 0.20805496041145966
8.1279820318950335 0.42957514055640822 1.0610215036364854 0.50198238758690827
8.2497450053636836 0.19946526767026071 1.8350470431175581 0.30005960342971394
8.5136434367825657 0.82985470283708718 1.7737406324377467 0.40780510971610817
7.9213879289235791 0.32328174620322359 0.94516837637702111 0.64516598160101712
7.1012848399203676 0.57095270928449382 1.4809767979055448 0.65265011086724689
7.5277932684578142 0.85568386335508018 1.7421865114718933 0.78271828259443621
8.9070697569106922 0.42258830016757465 1.2673164149563421 0.71815910542517958
7.2529812559566258 0.55003412462960977 1.7369447369262181 0.37607178877293335
7.4286584509570659 0.75392608853404375 1.5274684182199572 0.69841482946618683
8.0639838237778108 0.40442573881167598 0.80272816447379158 0.49169653887320075
8.7131637623575493 0.27837556113813366 1.116547976782045 0.68486271722602721
7.3587774679789968 0.26420199706317171 0.43125354582505337 0.61525542367655239
7.5039571821608524 0.23221041034307732 1.8661212073226234 0.5097076988444933
8.1781078718165343 0.86409227154832002 0.52014237846421263 0.74219827342645672
8.8356958276656989 0.27639613142524444 0.60579847293165867 0.69268543150231066
7.4468251996237287 0.35370309896166752 0.58301995765061143 0.61268932068346249
8.2245072902032206 0.68916339022634809 0.35902683314162409 0.72236381906827474
7.6023387972232115 0.48627191114519153 1.9500762196997157 0.37395823736541312
8.3084239701199127 0.8985531790059843 1.6229461238085305 0.29319527853598926
8.8440511298240505 0.40683936840948198 1.187760396326353 0.10932399147187635
8.5157034454268121 0.76008597159491198 1.9869451327153156 0.14171366726163706
7.8140132099815087 0.57979498981923061 0.32838808699610028 0.29902997761254874
8.1206800821742959 0.49397557543887471 1.9407956488541476 0.75971543410925579
8.7340988289883548 0.82590790081011323 1.5213361069072464 0.32558864141857008
7.1969657250857502 0.88354910433459366 1.8508133056355567 0.52842113285358139
7.7577781211283581 0.78805678053136907 1.9524848838302433 0.67474203074937134
8.7924570913060158 0.37825607838545661 0.12095363992382052 0.29524987344771425
8.3534570833659192 0.50999798779542094 0.22151075739864001 0.50269569079939314
8.0026364038827733 0.32603899743015252 1.4053350356125538 0.25267770821857999
8.5539601183271916 0.64302972039567252 1.8458207766579566 0.4037460237927788
7.5655081028665023 0.57169684344127103 0.47467735485794993 0.44208914129792454
7.8212291695678031 0.44548157731255056 0.86182422507700596 0.19654969014247348
7.5331946575518192 0.84311136406032017 0.30177669104086546 0.48131355594336855
8.4122697672949318 0.67195978006975021 1.3294777314953929 0.54563746209005959
8.9381140979484837 0.81398191839397727 1.7677943270163681 0.58682920304077935
8.7541359681402362 0.66183506149176885 0.57045507826222419 0.60858948770841914
7.7688567056106033 0.29580322337495168 1.4312374217409078 0.36613264627061626
7.6951260033247744 0.26285353372771592 0.24318292947900166 0.30945053821322688
8.3923144668122198 0.43509010642082291 1.2068342647342876 0.66918218506489091
8.1393764188711213 0.58548678251711561 0.682452936577437 0.13962306091885857
8.0484792289786213 0.1575672097956152 0.10181922086493324 0.12155772906936956
7.3739146227366756 0.45284886566960136 0.2937868751625014 0.43782640043923793
8.1805743718019492 0.14298722716487577 1.9573766335399296 0.44657870858354443
7.7974984862939545 0.64767020734872649 0.77620356581528438 0.78822237691492192
7.2403163925147958 0.49868724959789124 0.57781294744338541 0.6295188952785935
7.1388510632278157 0.74459049996299509 1.8235491126205925 0.79323878710877926
7.4463347076348905 0.32828807973988289 1.8174497653945516 0.66737183304954018
8.270051734691064 0.75651393417953583 1.7284736060994981 0.71314190155764901
7.9494031328115229 0.69286716571861517 0.28891926334525364 0.15107161593438381
7.526147005402124 0.81629718155232267 0.69263787229221963 0.37479562404090105
8.7534214815004798 0.11060986435080933 0.64951447195366019 0.56330078841964404
8.2809086344830707 0.87355207697121451 1.4341558753180113 0.63884218164918016
8.0123019119297414 0.24033834475084584 1.1732326220362379 0.69273150384410809
8.5161732871283959 0.15340974888450812 1.8046562969990678 0.75408019584133423
7.9142074852474744 0.71041433786725294 0.14347714274146783 0.23103379860217077
7.2925470516471282 0.87032083538880145 0.42465009154445876 0.21264411401453037
7.1910405808606201 0.18635111600560739 1.0712048790816318 0.65405171776545534
7.4269028710202276 0.37471869512527423 0.42327228701342523 0.20285444663075086
7.9508480985721439 0.80819750911017907 1.537383492476059 0.36105452640239544
7.9050754640780916 0.45458066019302368 0.59410175595946879 0.68927940818358269
8.6749892022562438 0.73102899952157407 0.83202149274039483 0.58366492821096638
8.543376924252966 0.20358274485573066 0.41086469270967718 0.54116266583029993
8.8454098153999627 0.20301478268976439 1.2675630267624667 0.52464626606485665
7.5941715436221333 0.51086528873311454 1.0397506809892296 0.60102018218083542
8.9514819561225991 0.42647037601863813 1.9430707613818397 0.66157368954585549
8.3761183259518273 0.55088258379040822 1.1455292811328079 0.24785668810737277
8.4405813054033434 0.43928977215426779 1.4566727240085191 0.48027125474845367
7.0445217194165259 0.56874437111603171 0.16615655223368198 0.35605806062498557
7.1641754364198027 0.55993589555094203 0.32934829233198126 0.21191357414200973
7.5355635038422637 0.14745068556456636 0.9610426470094573 0.64438226196583059
7.3980020175657533 0.28549325293453481 0.7137024500790764 0.1104458092333838
7.4612283699706792 0.75463431842480833 0.64194750673025136 0.645521567750726
8.5805609319446479 0.51943806659625069 1.9757655224055879 0.59038693952373822
7.6882947436380027 0.78322510389576772 0.84983909308508154 0.10771175046048433
7.171137984327947 0.46980886768113084 0.24174012325001618 0.13861741764440705
7.5553759175600481 0.59000676494938398 1.6439354339367267 0.57030546993595377
8.8925800030623083 0.38397102840989972 0.14962234583173828 0.55456047106466844
8.3733081489068795 0.56892671572778597 0.45376839005368608 0.70669104864093724
8.1962993836989035 0.80440875842787196 0.15330699484722457 0.10274466071075221
7.7690735404290185 0.24400259739448865 0.44250666944185579 0.47793542556378354
8.5640170610197632 0.69804460904425447 0.54273291409376045 0.55390761505495911
8.8157152541572987 0.44213325433932571 1.8558952727968565 0.25978014414614597
8.5695787553465692 0.47489149105274342 0.57413116643348794 0.33149359591866606
7.432775468901669 0.76780136852671554 1.177459775393036 0.26982671788658757
8.2900678433075061 0.43014060796601838 1.2546370592782681 0.72374559475572076
7.6360859341091292 0.66348440117868801 0.86959565160313401 0.42596364204145465
7.1137383248731396 0.71754289911674751 0.74631377636242635 0.58128370067239243
8.7194912910038518 0.84851972265805076 1.562600966018753 0.1774238869013493
7.9387498610850837 0.77698483323514489 1.9243873639939881 0.62987287141210235
7.1329672114904179 0.38253763935176754 1.6892920458442944 0.71054033565337482
8.6892354071654658 0.19102536364525818 1.9144760087188724 0.20610978281351874
7.4889838297591185 0.82520354458473888 1.7050159278473964 0.54247688656926674
8.1331962924427241 0.54277433747226911 1.7901313654227149 0.68758492045288477
8.4098144218258355 0.46106469519987836 1.0691493858136998 0.44568904291773404
7.8545656012833671 0.20731687351302003 1.4558588649660087 0.23871622609570087
7.2564832215071942 0.84258003753506161 1.5705072595279848 0.75147616062554068
7.1187888576602232 0.89615895859468642 1.5086011739527845 0.58720769502737169
8.5440860237094487 0.78191071799675949 0.45393644961365132 0.60534761749621868
8.7871592954661271 0.29774654475200946 1.2839131985524028 0.32235967838036278
7.0907851005358955 0.66174007990734962 1.636023968418054 0.78001996378627014
8.2457435015856877 0.34092855146056422 1.9168220628058676 0.13836900491611959
8.5021993552640609 0.55023843234529635 1.8517889668649243 0.13212088060175123
8.4822518783565606 0.57026577889479013 0.66327205213348139 0.52918966513998034
7.9283837516342874 0.65108322859531464 1.0922536643445817 0.42982810749868539
7.7323224933993737 0.84124137892385153 0.65522927727974056 0.25598004652737077
7.0948080774810336 0.6496194360249502 1.3416456251339326 0.25363714068394516
8.4569732158007014 0.32289235353225054 0.934746639697142 0.38394471074328607
7.7937510874646119 0.59868522676850811 0.84158477037859436 0.31780245200607404
8.8633273441084626 0.17801155673974292 0.87949093738252404 0.37714048110710308
8.7329015524681193 0.55562808097973693 1.0873608004727993 0.66121290268672595
8.9215445432543525 0.8466029255914117 1.2342014175552645 0.57781506286800477
8.1412326722576811 0.6021170180065083 1.938304308581543 0.29336768456010054
7.9571387725785545 0.80314439333406873 0.48226614905573684 0.1766909792908043
8.9891283147887968 0.4523370968632533 1.2316770773226753 0.38245768019685311
8.3651268609545983 0.81103748376589102 0.86260490260560596 0.28491418514051214
7.1317982225898993 0.10007777688734419 1.921229982648986 0.73348126720289197
8.1587534129688972 0.79228512895923486 1.3199818877736622 0.55992887995000817
7.7637445406960239 0.24242291293332563 0.590761615105311 0.63779396657353404
7.3205141778562277 0.83325808973438276 0.67331819225584721 0.33643200410934793
8.6354052010982141 0.52554666165118646 0.92385279126986608 0.67081082763691091
8.7275506251357502 0.60577053177016094 0.68615170417484517 0.48512640613965963
8.3191251621342008 0.27791188522520249 1.8871281608075101 0.17024666924149401
7.6406477257444614 0.68447633880903691 1.5983879282023021 0.36745322039225836
7.9801455603010965 0.47231779440540556 0.78937121235302843 0.28978998789451871
8.4607472467573075 0.81791118806418384 1.3953576292657797 0.62366567748944612
7.9648993725473378 0.65404366732677999 1.3845734993666461 0.57105804152457385
7.2844571431179768 0.15916203520188682 0.87243719168113054 0.54549841487568329
8.1858934911649968 0.34188056886606377 1.0307273560475201 0.17352605470327459
7.2941618658748677 0.33718987136419531 0.66581715428133514 0.18388693257715211
8.1295485368908214 0.17488007605162906 0.61592507567302457 0.6703820758947785
8.9345252373627275 0.10241321049928367 1.0133361454485403 0.42760272786154863
7.6495310093636366 0.40054533456750796 0.23055293538291793 0.21929832793251641
7.668100364034359 0.38103835636843997 1.4044623746909601 0.250124424785445
8.9033173907981684 0.79054316011999082 0.45030453971524065 0.26190245050024452
8.6230069315774749 0.74627628682056535 1.1700163316043577 0.62201520051470494
8.4884144862133724 0.33874008643453035 0.41721490955241813 0.2297437248222122
8.0449484027785072 0.31774508513980121 0.40197406553699333 0.28325544353278004
7.3893481801421608 0.81150772757167733 0.41853518839424209 0.27791871725601891
8.9379611635744602 0.34336119779800134 0.30729144617597937 0.43459197971111418
8.7091339270847214 0.7805723478112111 1.8278204272345886 0.61644963519846374
8.5210483794523491 0.72295449107818333 1.1070201662543038 0.16147892771615982
7.1457203929195341 0.67340508567205404 1.6007565149987277 0.39097695976190372
8.3754968468392619 0.67896233454998023 0.82234540984422977 0.52748539730953647
7.3114835278843602 0.72060921221729324 0.29913311399131193 0.50290995967353891
7.5012225140290845 0.35774852903094645 1.1825659449066737 0.38524756858482789
8.902970106434255 0.51418171480267694 1.3803136855390958 0.65144671590666969
8.2116875329542705 0.44374707355267218 0.69349421692300295 0.15013163741273425
8.8974191813130012 0.51191358243887153 0.5638308640025691 0.57774494348010808
8.0428898825288524 0.2511051433593251 0.96710855759564218 0.54916208758543439
7.6133710965105408 0.80629263510721805 1.6846173351145879 0.16247687766706506
7.3521768255773861 0.15366890331708494 0.82930674570876617 0.48142673221041354
8.8033143647800625 0.29988460143759854 0.25942115630011853 0.20327139293128554
7.8353584673508196 0.75611260592650342 0.81068499422184537 0.56582767370352816
7.8946450162051569 0.77926955723122293 0.76333573768075014 0.15477844102186025
7.1802691819121218 0.17275169343365274 0.17658745072509918 0.39716721719134429
7.543990968309684 0.64198614571439694 0.26486757336705635 0.33212213906172539
8.1320654683114437 0.64555855749868107 0.90972074874185294 0.47504523256802322
7.8827161919074298 0.14203907254841985 1.451957140410757 0.13031268266697493
8.0260431498969371 0.75671759032670216 1.4872962626900341 0.72503116718707539
7.6726213244058661 0.82677614597011295 0.12831608842577369 0.19320258646906668
7.3568406896453915 0.65015205297309964 0.11175820335177718 0.63860722637857237
7.8514045752665194 0.2752363752334786 1.1211424557264258 0.63363646095426163
8.1154746467830776 0.62372612364470892 1.5474967512408551 0.73076223616564906
8.9857338512824718 0.43340786391357911 1.3410127519729445 0.43904559324848591
7.0189860444951018 0.30914701882591267 0.39369111154042347 0.14481413929534367
8.8655750218509581 0.77588088470013317 1.7118638946035205 0.52614266002161891
7.3220409991648188 0.68372649005545882 1.3246716256347164 0.11690787902522894
7.3133398426848242 0.87768395737434801 0.59787085722205191 0.51599867130891586
8.7217783909794928 0.16018069808623625 0.56226908847913326 0.35394617297338116
7.1461708091756737 0.30927961924770397 1.6566839451181383 0.4714470762679811
7.5910193055775039 0.84860903021774003 0.39557237785609911 0.22035007338328561
7.902988777964957 0.2639282790953843 1.0127838206104316 0.43295742455900654
7.6063064694996783 0.29671994399999602 1.6923889226617297 0.67017052218967521
7.671469860559772 0.39850088934786554 0.73335693693765214 0.73144967831419783
7.6846096617970456 0.89514099388860735 1.8328692043963923 0.76079714932730913
7.9232056536628956 0.18538104109866402 1.1451550984105814 0.16751267514127144
7.6456721301597499 0.19499440457606948 1.4975924828326008 0.78072663922516605
7.9943566325992261 0.5651317267078857 1.6631966009613135 0.45194012138538209
8.8196926482820306 0.65703993995728349 0.3920756265183265 0.5268565203119423
7.1620762561836431 0.50199487519970842 1.7842699252925449 0.44066340343318078
7.976416120495883 0.19762698994117767 0.75774697328232121 0.69717157739169888
7.2189125775477647 0.32578076049759136 1.695482870229913 0.33117962595947631
8.3337802370112737 0.47558767053389628 0.25961496107120108 0.41660831977777968
8.3766949601145182 0.12271642557223959 1.7226011232595386 0.73811200943188804
7.2139731678609067 0.17683320890059609 0.6251747809792042 0.60612539528194809
7.5418920785648629 0.70979376088649315 1.6986147148573665 0.17162795915412427
7.053385458180693 0.38923434108533927 0.3696494269489482 0.49186540282147195
7.601111293724979 0.33375462534212785 1.6344549348100754 0.36118580866213323
8.8279990594454993 0.35083862481915296 1.540388941128864 0.73447099895042012
7.6754306573789872 0.13685132690065527 0.56014008040052088 0.48577984959975029
8.2214744694986326 0.80321086590803681 0.39606819005784222 0.4725058369075924
7.7615771756136214 0.81037604520108586 0.91483483570255975 0.19075114123392706
8.135052184000795 0.36406958467876538 0.38856618693218781 0.62652367616570159
8.3827581547158534 0.2988783670245696 0.78245692675417067 0.59134933809010815
8.5094611583648287 0.10270803321221303 1.0904154824957346 0.75161845387219184
7.073332699090388 0.22406838684524324 0.39048655056119608 0.63715830333321899
7.3440724945334637 0.25808089816315044 1.130372107412472 0.13887823462259086
7.1401292612054066 0.21521919440795242 1.7673072796919258 0.61143519280739467
8.1866189483175855 0.75026668759272896 0.29684905300935388 0.56367879066732585
7.4080141641306874 0.23679084531809269 1.5552912258321243 0.42020179229187204
7.9959373852334439 0.15681382150783441 1.5315108191599094 0.74634824065886096
7.5757517385089717 0.41045724547402074 1.2282159372221373 0.34867702844938442
8.3900459841027697 0.44419394451976879 1.079704251970043 0.60310412426378723
7.5007477379923824 0.49296875076420266 1.2360800972685921 0.60727852824014394
7.3938780155329704 0.68721443865912368 0.93358673469701714 0.42054067903288916
7.6019692697346244 0.4854310727734128 1.9677629826593399 0.70341863096599011
7.8764221956547313 0.59794883204905014 0.87686599978783997 0.74991756426865086
8.8256242159588023 0.31046302303945428 1.6471186212499964 0.24213133027276687
7.8021476780533527 0.24305964118279325 0.79981742461043481 0.25645797969275774
8.2565130508457418 0.33891359156004414 0.90477016321134607 0.38035394529636546
8.1743995760543271 0.88168480003509464 0.4741548354478442 0.17078062065477967
8.7839348896963187 0.3815176340307912 0.2514801253299932 0.14702665983337129
7.3434804603446082 0.47025269762460609 1.1068672209322279 0.27829288536224939
8.9328880807757756 0.87819303966660245 1.8719844124899356 0.24984292898350519
7.8027936341368083 0.44243641799466604 1.5909205942234794 0.45346033327635926
8.910799323231954 0.85504429225596557 0.79164416209091915 0.67268224196900628
8.6615399877125512 0.81952230979098839 1.2910146728619791 0.41125044663134624
7.3933827781828967 0.15322904708329829 1.7814030684129316 0.68053520226220665
7.4979016674778203 0.20556247273694556 0.32559675140157135 0.62135681405512622
8.8499933996196063 0.50438237960441668 0.3532584404710335 0.1649877710280391
7.1876446968211933 0.88506012300147763 0.28095884629108181 0.29425055941797024
7.6280938165220302 0.62069871448290248 1.9538250726224233 0.52090749814793191
7.2078632127928337 0.24199123815944254 0.26076899771241036 0.78169310322877394
8.3014647406227358 0.15485324876226347 0.44670652839680003 0.77392178953144597
8.1924832987092362 0.72339543019592578 0.16289042902411496 0.35939425137852221
7.2759648199730851 0.30366944441664567 1.2459268458021395 0.20623091919992931
8.130268705255105 0.19794413196943605 0.10472128245973411 0.56500423150639301
7.9828015861711155 0.17303727024090609 1.8240831341565082 0.43086652016414151
7.2807574064280711 0.41310056633482828 1.4770033661027444 0.19425503884277112
7.5464361061141254 0.56277908103953433 1.014258482593404 0.31349065149835903
8.9882523371722591 0.818401556263609 0.72115086236265202 0.58026331175178869
8.7847239604309095 0.22611478273421795 0.35183120762976028 0.72802702007352604
8.9307739525593259 0.56252069360354673 1.5000199886395895 0.35313657422005507
7.1442084657969591 0.85336037341944648 1.1118825154833432 0.26926204412079641
7.913632155489819 0.12282704608149352 1.0287024069402977 0.19291465847537706
7.0157872793420513 0.76874759970116613 1.0486324541807239 0.72649451856786651
8.2669960229033528 0.31032851528692407 0.86332931787545064 0.11924726195415906
7.1678948130707383 0.78880789774553994 0.266023040920844 0.64996168011882616
8.7675928923033251 0.28674085949700368 1.4542346134919262 0.45488340795395299
7.7253211113990137 0.31564854803278425 1.9255915021741716 0.53978417520055977
7.4335911912497847 0.16620515869239028 1.4395534978166356 0.47400383168582905
7.5042942246474071 0.14821849400419945 1.0347551341582482 0.11200119249187696
7.0765916721275328 0.58848562512353098 0.60668152782135965 0.51631127501800367
7.77333611166938 0.33997442542850337 1.9423080209157024 0.12322112871366109
8.8684453112578989 0.54444497754051646 1.1739288837174735 0.34424832017992357
7.5468518090116579 0.37681042522243724 1.7618900475600903 0.52546682076690376
7.3195949857869147 0.51347030964923057 1.8590567943568272 0.59544436038399284
7.2172377253158553 0.15104428530748742 1.4486516716097475 0.4362639402880657
8.5829659935895339 0.72940672238432736 0.34680727339528672 0.27945880504904985
7.1650157088438089 0.21109401551519591 0.89571168008214253 0.1731671372054627
7.1747757090869113 0.27299378288760284 1.0108342010122622 0.65857231739963351
8.1482605695373582 0.21656099429177472 1.8078563330547754 0.5072115921780459
8.7262312803637716 0.51110852875016455 1.0635062812439589 0.78691983463805248
7.9614897168890932 0.28926546490806121 1.9635443085554969 0.27481786280902948
8.2059363892776975 0.55825154701334068 0.29005594198304441 0.44088263670256289
8.5206547693712551 0.42386967825082078 0.45477760892307673 0.2324550593820742
7.7895385366932652 0.79462496600307997 0.61011290502309801 0.56298493195644839
8.0850402769111351 0.40085908964516304 1.0326709486720984 0.64260425351044004
8.5885193519007021 0.21348876415682694 0.22539337766869824 0.27077564436436263
8.7000914749523464 0.16395412523731023 1.1554952433288563 0.73517375884530245
7.9879812300206519 0.43574149433081599 0.84701721095230909 0.40262490214758495
8.4359872401803973 0.49610669850978617 1.4289139236934141 0.78806519120696661
7.1762904223309238 0.33104283668086065 0.2510304760801727 0.68174482743610343
7.4255042431281622 0.6569686297961187 0.49801118195647809 0.13410514577319263
7.7665195370155153 0.70373297584686811 1.3127619498131804 0.22642367781389808
7.2725625506365601 0.35819551954203499 0.93018096538542283 0.19057140243417858
8.4730862300705176 0.13270180204183382 1.3115288815422361 0.16307234086456346
8.1854566403661071 0.80123483847701171 1.0030967681181753 0.28384031005832627
7.9451250573515084 0.85050999961817586 0.53962784205744097 0.48826695504074646
8.9175441614574797 0.64412926997572062 1.4883720705708812 0.6473015540871393
7.8265198750402041 0.3366194427011176 0.36161397660809136 0.74898202083502052
7.2751452728617183 0.47632973467595074 1.6311531592645321 0.59282328907380066
8.7586655120795811 0.71772166236915569 0.93806853390440637 0.63574995684859403
7.5225217199544616 0.37436983567976057 0.86615275182876428 0.20857216907162199
8.9235205969206586 0.63243164767370752 0.54501934843289479 0.10914707498444393
7.0146987425775018 0.51883956486670657 0.55042871038240593 0.52718017642687798
8.5781984809624472 0.88215873997798455 1.2959546033075477 0.33042393088602684
8.1375374322809328 0.6600630116473365 0.37839193691155948 0.63004087257349239
7.2909312658594105 0.7025951415050038 0.98549362537168461 0.32901891071056139
8.5846608610151822 0.83078500736768846 1.037553362043057 0.2036428740614914
8.7856034966895429 0.43458091224685436 0.1234988927994915 0.5959317777609443
7.4440855035470745 0.41026607668328341 0.64006683643750018 0.26235846090232628
8.6538965178010283 0.62051447349179356 0.66872849373926746 0.34014953361276723
7.3276293693948595 0.40985290290838039 1.9792610888968776 0.7782473383791817
8.4296146935983973 0.24331779791742897 0.3348058863499202 0.70151924998141069
8.9564675527286397 0.78857425388209001 1.0770435990912017 0.52117335633060291
8.6448001180494689 0.83749133047120017 0.91532103841666224 0.38679992901082261
8.6347776783004573 0.19300338074741591 1.7822938729829514 0.68099279802975909
8.8965983427026174 0.49375609689954436 1.0594173211426976 0.50429356403296255
8.7689378739520656 0.46310244367293585 0.72178952495757576 0.75261758228839326
8.9189812445744465 0.687160869059941 0.74792819066489624 0.41164716126147227
7.12242063520464 0.3653241182886795 0.18439414070824714 0.60061176951858819
7.4593271365025267 0.23215274944269648 0.82966594447711406 0.39082667658252779
7.6574143666374548 0.15887132238160451 1.6209853122600479 0.35102846797192699
8.0222676828490531 0.17147352205493327 0.53628409444509906 0.61459757546768945
8.7741039797425184 0.8502918789336239 0.1070996281110605 0.13378555174474244
7.845361499963377 0.64695705629615818 0.56309383628305243 0.40060855052703737
8.1983665003502644 0.64859310324574593 0.54321857073238777 0.11301209233473955
7.0021947452001596 0.46009411120738175 1.0204175649612994 0.24807204688756537
8.6270976135564492 0.63057046316336363 1.743207151032218 0.2892291515775568
7.8187601907348085 0.77159584323184816 0.41527688821411657 0.50612724539249965
8.7073877862147562 0.36775725996960584 1.6349071123552439 0.31386945305704905
8.7311947470759943 0.8587869158089988 0.20483685068628699 0.3518432950938023
7.9839396434345922 0.84618654798829407 0.84525723808551179 0.59334973504647204
8.0904055430250477 0.49562560228089669 0.21375128000763999 0.49312860474149434
7.1351867494620365 0.28918138053942555 1.5100880954790616 0.61152817542048532
7.4398721368774696 0.32190410042459827 1.4603352009078678 0.75694460625691629
7.6908255693006522 0.54248251731292174 0.83831224437131957 0.64072255177491055
8.7005008789889438 0.52249041514860373 1.987343929868935 0.22732190918827028
7.8379747352810503 0.49772883152061675 1.1343493919222976 0.68531990900078432
7.0988615958987795 0.42484176517005745 0.96933540672433582 0.10432334974417612
8.2306917706187708 0.71086880893119442 0.63633898838903891 0.30783457502241152
8.7594653048861275 0.20628117909921259 0.84000710594428918 0.20142748856399423
7.2272223213667983 0.24094630417483154 0.95256941054451738 0.59226300737577586
8.8431712774171292 0.27840815098053689 1.2610826279075349 0.43864082501438995
8.1881585508107424 0.19864580813823673 1.1805915473393249 0.79231685176609135
7.3779451950531865 0.27876208209644804 0.44199595193412344 0.74193309752997982
7.3284614486649415 0.13715274806644015 0.98196697568512381 0.36919144173367191
8.8514721402906318 0.86762150757477641 0.10242506466841292 0.4729051144447447
8.2330064818542432 0.82202542584183413 1.210965709804303 0.31945867211375012
7.5223434606994051 0.83399243415966939 0.49529400068897722 0.60707606345389131
7.9285330899845876 0.1019463028598618 0.13181603593235339 0.77754921430053814
8.3573279411484531 0.21480497394584475 1.4495541480782064 0.2441417868413597
8.3724421071170063 0.77011905978746664 0.74532248469537665 0.18441069058459059
7.5651758987276478 0.68794776442099081 1.9568481414415557 0.57210773013624749
8.5835661841182791 0.28121595267065835 1.8524338582563231 0.2144236984116385
7.5017944787023065 0.73505635539074576 1.186468736653935 0.4538456926729395
8.3087401551745401 0.17510730438995395 1.7535971748526082 0.79914563001408168
7.2684229076345916 0.18471732743124727 0.40908070568396759 0.46581478677153121
7.9080492301329022 0.59373542712325289 1.816602142333243 0.53630089481824206
7.3250894225942673 0.52940440958474033 0.92653185979184738 0.55018058844504625
8.466466675002458 0.13213031024554045 0.84659233761874586 0.24032492348743753
7.3749102902111234 0.34216951211489544 1.4041059954285984 0.12128303361586934
8.3233796145882799 0.81161164474703162 0.16206172237187802 0.27499747092766302
7.8719007000016905 0.75826820589712485 0.5227480753169923 0.13227832621594021
7.0382581798091488 0.23478934790620454 1.3091296239837689 0.59972488620451958
8.9813938818607149 0.12144060276009348 0.42573387004187413 0.62345588905024352
8.8732758699405796 0.45213124712495933 0.94746456739534268 0.7940603823877036
8.018549569477047 0.35494816470694968 0.24637344821734072 0.10886294073715738
8.2622385993494234 0.72587435218166141 1.2423819670622533 0.68944182685443822
7.3124661610483503 0.42835052186269673 0.48294658154438697 0.7449725449696416
8.1630110792708841 0.47286756451259071 1.036974277697372 0.23414077046537429
7.0528972920941406 0.21009706834458611 0.41126015526635429 0.36332496577227313
8.764558681724564 0.58077212453464078 0.74066283663713928 0.22296024799571323
7.9215423991770644 0.73746958159070375 1.5974042971974844 0.11023808760820947
7.5685705984867298 0.54521581782245199 0.49692757965344603 0.20499362728821041
7.9363325195647327 0.61978975266647174 0.89652019116064785 0.56699301046082673
8.5877867611119907 0.61617848374738959 0.11334446384142105 0.59112611400140047
8.8503679285175227 0.3303019816677456 1.2241233381609506 0.12716426791933683
8.4030595737203004 0.42402590159616638 0.26462931615590163 0.21172113384698626
7.7172120028495357 0.83574517971994478 1.1096789640192164 0.52043635976951075
8.1554720558965474 0.17655822221608927 1.308031047095624 0.48718656213034361
7.1617561999242323 0.16364421102403809 0.16036547650069394 0.52590548472930843
7.507586431837213 0.4113279658828578 1.2583616775382158 0.57148890733189928
8.9438493239653738 0.14637449081452511 0.94375136643136792 0.3184926433305546
7.5677957678587147 0.36607011864898165 1.3903910004979056 0.66224319812080079
7.0104683358576159 0.19628539147210336 0.90539833871440212 0.33982932649726544
7.2204595212821205 0.48001936552181801 1.6062288098959934 0.73019215401255599
7.1547984398606488 0.62791775215387247 1.6798732987497493 0.71432772007525136
8.0063027983672281 0.20147992154328292 0.76832315095371939 0.55626092054940957
7.8830620543525427 0.23105528654948948 0.13124052726907925 0.57812298586371591
8.0955944731019471 0.13022990888704986 0.77910583088559926 0.24489092909346302
8.9364460725350003 0.12662744204776463 1.4899716240697036 0.52337200728886413
8.2894037866044741 0.68870098473504238 1.6746247834334316 0.26458906740176269
7.9197219575213138 0.11361958312138933 0.17996250027766292 0.11052815126888781
7.4296027739526025 0.29249424336282148 1.5709822347747078 0.62626576014886437
8.323686491076117 0.65921570624638282 0.91010003245580517 0.42415790000658404
8.1696863541217475 0.59910646001692447 1.204303397712192 0.22861856370756431
8.0595437805291308 0.85121987872365368 1.0145502800778903 0.42530348786343253
8.507352093169553 0.80149938203052673 0.59238856648517879 0.43694423438971741
7.786237170457289 0.11218098649384292 1.6804266400592798 0.15978744206688605
7.0437234496081169 0.10514954694537593 0.20290595826238794 0.65300893611931465
7.4254771107474351 0.73532974183855149 1.563766776607814 0.6188503236045827
8.7079041084736097 0.74472175282347386 1.8245700223163746 0.16212016144013927
8.2063362254582479 0.74955294659810712 1.5337203247712012 0.37649864060857985
8.5236973127624651 0.43121252419125078 0.59371026170633434 0.1590621746752478
8.1119941206295074 0.12953169152443067 1.8576340264362463 0.17856180261492582
7.5890756345226125 0.23309275655978767 0.97016200716795009 0.43881598192921933
8.2315979596070896 0.82715787969795807 0.10072138967822887 0.3710309705860404
7.5886804152170315 0.3115693311074666 1.403417364959118 0.61577905601446459
8.5497640781863335 0.11110791848158935 1.9123709256157881 0.10678179748442668
7.9223833450056791 0.51708437287279341 1.9589858403847529 0.71694611742391956
8.2190696750533601 0.11623697247937718 1.1332381723772997 0.13595554662039316
7.3719473128775164 0.69329737711354378 0.47063138641243119 0.57869956160962088
7.1289109206768249 0.2748856411744941 1.9648201122023081 0.26288109223630163
7.3023853304093356 0.45792434687707539 1.19791823644809 0.47886423078915297
8.9654624051724383 0.27107835117973 0.44682002722168102 0.58890664265962911
7.9899602081553729 0.55976563144656766 1.458995556689864 0.42915500673039764
7.7908268742785358 0.80760944761050779 1.2112728756609639 0.26135912240975934
7.9010517400290796 0.60670319634461112 0.11970581694398662 0.373742124344284
8.8457863769782712 0.47784730395378561 1.8199790047145188 0.69355530245764629
7.8916032509193341 0.78901104209573125 0.91150950560949329 0.27058543847306399
7.664015386950811 0.56334846051047383 0.20419966977984133 0.3900947821015196
7.6780362471276575 0.70154802732896093 1.1996011582021862 0.78142814678732697
8.2611795732461406 0.72434947092239088 1.7926178696436728 0.62529235331717725
8.6734575941154084 0.31704496465113158 1.7327849700636286 0.13097682299931107
8.4445948751305622 0.16550380050762331 0.5672501556015368 0.25856677874382805
8.0633193160096752 0.38803916828794993 1.9769294411079539 0.36070530497832676
7.0665406698828725 0.82789395570418201 0.37686984640810828 0.48982767647460179
8.1080346539040686 0.61778377942904983 1.6169138687092461 0.36262037420448412
7.7377074298746908 0.72866769531639475 1.8321471617961151 0.20835681199574746
7.2111971633262248 0.69246861105314839 0.15907749162055956 0.56687810411107387
7.1788726859168346 0.47845628043601718 0.91651507467580651 0.60194444260068336
8.6365663349008646 0.11784575993347171 1.1201669589386547 0.15279267333246435
8.6688293094245417 0.68622369906836533 0.39293261385695832 0.39133348133633483
8.8148320483240319 0.53724705606405587 1.7207098641839391 0.29421749088481475
8.3682940065790508 0.45427567504758626 0.71745970458306185 0.21606478993050654
8.0765099404496805 0.22362676503397183 1.8472055383061718 0.22205583148539126
8.5775703946287756 0.86807434809221629 1.9958433070866632 0.39248769127095773
8.9525808168473535 0.40780079976761618 1.5147732184127598 0.18220352105519233
8.6796330773729853 0.30458190729117285 1.5788604985150396 0.49443683503571401
7.3001572520598152 0.21398279551232885 1.9819893482011717 0.11283912940844459
7.8567499904017026 0.17239340944593945 1.8650578406802421 0.1887686775483583
8.2830818346041504 0.40741268546865805 0.1160397661194443 0.50092531324328748
8.3515110544683004 0.8572178276584681 1.1685153089428677 0.13983381840220058
8.4071201248494152 0.20874198727772977 0.13030637327932393 0.37189522755343729
7.1304643470251525 0.50091829098763974 1.0799326768451873 0.14518302954799214
7.646615157655928 0.63912768779256257 0.6255913760161026 0.60892040002299075
8.0493087787015618 0.84202983344061699 1.2693524216123575 0.76465447844761036
8.676659040608298 0.74733477310364049 1.8597005055600022 0.51674908610208781
8.0506393032510619 0.35331914735386249 0.96510755661704295 0.28453418897939076
8.8917435830210501 0.72020902654412955 0.19879539522919668 0.64971710293658524
8.1492190103220814 0.25838215345702609 0.79636905831088922 0.11825843077569935
8.8771527236156622 0.57318247029831926 0.6581088921041327 0.4508017644222726
8.0915788061911709 0.46958942255270808 0.78165554702472329 0.64680587578290605
7.2914542107084275 0.55558821564521432 1.2908148333140739 0.74188190386818187
7.7713771560116758 0.22125283927747585 1.1924244998536346 0.2590073239101458
8.954461588046609 0.26668934855138227 1.1154084056554969 0.42700806058251128
8.641731663372763 0.61439290315682737 1.9730838197061371 0.6872739562361162
7.6676882605785313 0.3125471125394883 1.2853183198200333 0.31805146334381751
8.05913093124121 0.84526637575047936 1.4795615182592512 0.53616832891025734
8.3899185803250571 0.70040910418158953 1.398931720301581 0.43574168232516663
7.1755163584059352 0.23727226255007738 0.48069282742283737 0.1123720062041357
8.9422643645767703 0.1234502543078292 1.5837414830948511 0.45025116713535795
8.4306202117761959 0.41679940536463123 1.1574689215846459 0.21401334386984713
8.7559380889515221 0.40251482022941609 1.7808825752067177 0.48760513932235772
7.6537402286106708 0.30661120397671421 1.4620451773038734 0.30061284051116699
8.2675480155171552 0.49693679924924916 0.88926564476134606 0.16047178637158832
8.8312908712833043 0.76830757000029581 1.8865921906255188 0.38477883862169948
7.403089093509398 0.11999981639481112 0.81948734689248015 0.39150426263085902
7.1865028145679766 0.67094790030075513 1.3898869961427969 0.75102091119913783
8.031579313626187 0.24464182223748232 1.7607877271969128 0.16852977026005264
8.6987433746596743 0.74843183946649439 0.71912849311081029 0.44093107392632302
8.7820769575072095 0.69931712262894008 1.3517190979319593 0.74650496701866831
8.1863318022709919 0.15271539503384751 0.70401969335472858 0.77510046537696642
8.0070365630520701 0.63761247972396129 0.96606989826507916 0.3895912190799613
7.0719371528585153 0.84722794558265213 1.6829396168261883 0.38730196659486171
8.1871511781248909 0.42197262650776612 1.5979317057036797 0.26449673951632618
7.4730873800067812 0.86973006807296738 0.45912985599768041 0.51118306713677031
8.0547638032952253 0.82835896520977859 1.9435927218562377 0.23956159024571178
7.9948474047339388 0.55066687589939034 0.43025491812028283 0.27313541948339504
8.3998731862400131 0.61478891833839144 0.70130585833933057 0.76975421827212454
7.6595959674758003 0.10885393372907108 1.3579820426569793 0.14808250133545031
8.2444226505672944 0.5529841277071913 1.5386115441275654 0.68656250908921268
8.4757423147998665 0.27251497704476113 1.5113858128947861 0.40216916328952601
8.9368592024373648 0.72006964194774159 1.5667486626822194 0.34093758076984054
8.0822950147113666 0.66759136434255706 1.3768274338090705 0.46815934040365148
7.8313965629985303 0.20209077321123067 1.3032930313750966 0.74032172301459076
7.2765433988589869 0.52721477946250506 0.48805354881389063 0.69307704194594122
8.5892850650934278 0.83186284860628257 0.4919033659436407 0.73058437749184468
8.931141809805041 0.63612227978903435 0.89157345236851315 0.73761566023515213
7.0723853895789457 0.74216082033168262 1.7547495583595523 0.15348744090504082
8.9982461146949806 0.25899305523938465 1.6489783561371798 0.24343199701462936
8.4107939902908182 0.30423188850410077 0.99334728592725441 0.23846783914335121
8.2261045838515692 0.37580843119350915 0.84783161961688203 0.63730993239067923
8.0932734370793948 0.1884014288476121 0.98371243901989358 0.46210567794487545
8.9059002310714419 0.68947410439691403 0.61425362436926978 0.48905486084918637
8.2007162090021115 0.47254772930213129 1.2207006994353475 0.59994398782948222
7.3796198354774951 0.69091091940945193 1.1375994990367857 0.65800125480285421
7.0997293101226724 0.81590985632659907 1.5927457562441456 0.70821507082398172
8.7500458187399062 0.34006456577757516 0.34375539232683877 0.72087094715811095
8.1949912303641739 0.73775928431537219 0.59553497012123269 0.4099488680093053
7.2590778983333237 0.2405352297300396 0.65685826358130206 0.14050710865589458
7.7561297253649926 0.35227070505292135 1.9996579625119415 0.20739314605786269
8.9826451890953347 0.68337501385869692 1.0387701462632049 0.28351490492787523
8.242885207130124 0.7062009230145585 0.95647097144855286 0.12242695862643474
7.5283353570976326 0.10540116243078945 1.3375847777521435 0.43251207186069696
8.9089072321878735 0.88339684840422572 0.89306714913377494 0.27914999074260577
8.5668504896959892 0.4133836268708887 1.8917141686815384 0.42746689032477025
7.3673404081175802 0.80035686823114094 0.92535572209664663 0.76811161744988543
7.2424422901376122 0.51439509341487744 1.51202272467383 0.31978511268166337
8.1198378006824132 0.69405574674302195 1.2748436949080182 0.64594405248453268
7.6692887502981835 0.1671636564510493 0.75682898254593856 0.26503413175135593
8.2540054112056591 0.1770896295634227 0.62726856783112017 0.33491201064388954
7.6443724037963108 0.11027320642779774 0.87072365683876529 0.32479563764161457
8.2103185936456615 0.64599611866758078 0.9730972418724867 0.75363325574118123
8.1440595555497364 0.5907722881719909 0.17181623490185288 0.14772969464140212
7.1042459697205667 0.84568019852823373 1.9445388487953184 0.46659920766229079
8.3667393276919295 0.17032623174789957 0.82533477287405232 0.58443929491168511
7.3291908932657854 0.6972858930838729 1.6717626544298501 0.58849986852697844
8.716799129538753 0.85659204862790839 1.6775332697173775 0.70250975444268549
8.1614986733085573 0.721641752077958 0.71337520950735755 0.17194722431772619
8.3054645851168587 0.10426207066041265 0.51443440849451072 0.72963931532769866
8.8008473637783649 0.57668967403111082 1.5157195886620727 0.45687045169428142
8.586693016193589 0.45803948746294154 0.70951546229713303 0.40491128472345328
8.6494370356553727 0.61750905932079236 1.8091146135484915 0.49153986125229665
7.9580811775074167 0.58000072130479718 0.77165648669669351 0.70093780496843927
7.6832339104286556 0.32996740289216797 1.0236013403637614 0.36187791317415319
8.7062799441561687 0.71672181766504706 1.4805153128177857 0.17229190700154645
8.4953343207226197 0.61638533257665451 1.873525718767713 0.29948168965873928
8.9905250868433626 0.50583686055244026 1.4067991437886749 0.56089981568088165
7.5694897630119149 0.10943789258303258 1.4929691588734144 0.61067078975647926
8.1927335164650987 0.33589938824969157 1.7858415833030505 0.46407226067264973
7.6053715940557991 0.81670368496768964 1.4293660785909259 0.5326584531046531
8.5423532184053492 0.10400063572354881 1.5309730913353561 0.52940282693631913
7.1237958941011934 0.35652027361048666 0.47759210394107765 0.73423983651299918
8.5570669375685799 0.75130973140649304 1.9926499143980458 0.49561189007571549
8.1286278900177216 0.2806252764983817 1.589479116031429 0.74843919738962739
8.7610961097596469 0.52899335396993419 1.3462088342491423 0.55970284853912777
7.8260526741274381 0.32140012731748036 0.2369428746444921 0.31098313258957028
7.1598079667769357 0.44679617345831735 1.4025314517324474 0.67780405697895274
8.617568101795392 0.30834329808882949 0.5651647103715578 0.38188901390213092
7.9344503430771693 0.50668969193174973 0.76179907631059762 0.14897150139942261
8.1159661919949606 0.40501606733306428 0.41249850158493973 0.15932331307349856
7.7643617095506725 0.20889958024284402 1.4755066753150445 0.66271073923295887
8.1787463045729005 0.63968200962473887 1.2472359863517581 0.70782836107277569
7.5542599230947403 0.31817081567178018 1.2686011643047206 0.15423757168229876
8.2079160039119508 0.83032712590580859 0.67545876181200015 0.40443122242010743
7.4206554668845381 0.19159018384052734 1.6189263884214116 0.52596569821795347
8.181861292996123 0.49519885634264482 1.1945217565587158 0.1854911253082675
7.6069221431346739 0.48131495661252899 0.69326392092231592 0.48324671214527903
8.1750168388237601 0.25672485972531578 1.4230624205686575 0.19594642179284336
7.397721343224112 0.86539983405696808 0.9875141746443733 0.66449248742013423
7.1468324205754241 0.36962900986432834 1.7831192545867816 0.51175983684594284
8.0868924289052906 0.34602495082700951 1.7687450384663643 0.7940390645977935
8.4776029101095904 0.49307451110752654 0.77523020800867559 0.10837656783364395
7.4606092092374823 0.19166760420116999 0.27762944416810209 0.16606073817094491
7.4808502975722933 0.52227296226540143 1.7755712918400544 0.72270596579922419
8.3497251218123143 0.18418508513984713 1.6756296929605599 0.30175570680470964
7.8664454857494039 0.37982219604073897 1.9716181495380027 0.27084516671387304
8.0108905896373575 0.30068502370408134 0.21684058364392522 0.7562604611005771
8.1627085005465787 0.78135951802820103 1.1379679487425671 0.20469083152948239
7.2602391958655943 0.84915530610509637 0.69664641145583572 0.14849892176104157
8.8719070422688464 0.55935039645451246 0.79798936846565149 0.35744605256298378
8.2591152174741023 0.46686123011413716 0.69205224864526704 0.66656903535810441
7.9597006042651657 0.10090168789643902 1.5914441641735815 0.58647420370793724
7.4432589407424832 0.89043975345844162 0.19229482516507596 0.49333500968595678
8.2181542518098389 0.35047958501656551 1.8110663933548903 0.19909723633973658
8.0644535329836788 0.51335039533951077 1.9970818420033349 0.58739714191592529
8.835059398622235 0.3967424919274678 0.92019449736856618 0.69431625668355557
8.9657268553985325 0.27558566008784302 0.96412838734527462 0.57391895157709838
7.2119261052229398 0.80348396322033733 1.1955630589983921 0.30576696875936799
8.4641776744600818 0.37036464137138003 1.0476146040611163 0.13942991880484906
7.0799739606508947 0.681232019853656 1.9289700732222352 0.71973730296462157
8.005974799218242 0.29272033853700263 0.44494258293573352 0.7892138859894845
8.4472351081345707 0.86450839007517899 1.2299219036268703 0.59190514690447948
7.9306180240801067 0.62860638511564249 0.53381178441013466 0.11764876922492983
7.8610858463514415 0.45984992970587235 1.4826744146419937 0.2496323695261137
8.418814435175662 0.30635615357182733 0.85216641343583599 0.72455321898323832
8.0942535182981352 0.1964486738479243 0.3011146973184779 0.42119858401972043
7.2332215192524032 0.41785339510913078 1.372372428652225 0.75512469239929148
8.2232207745096666 0.52815774523890857 0.23111039933108452 0.18129588124165358
7.2794298686697534 0.40621427720392222 1.2363744196641295 0.31141838496106722
7.4736692806293012 0.19709141218767634 0.44919137544412391 0.75919516560661882
7.687815102218142 0.80536379384221024 1.8885039147813987 0.23162543063313842
7.7498288263904422 0.39429153885464741 1.2924298421023397 0.33274029418572559
7.7719218063793267 0.55519536591434304 1.6036708228636347 0.76105660223263716
8.7561648278991306 0.72667892625669483 0.22205413124235654 0.59028187087346895
7.0586280033435367 0.12881015723043002 1.5824316395856008 0.70485586482784213
8.8564668002931928 0.68270112173500241 1.5455307002810001 0.13486299664310519
7.0660961421245947 0.81370371709454481 1.1840441556102392 0.70854236433967299
7.5618083379322476 0.42359527006416131 0.15871052793291185 0.46609755185412061
8.878427447911406 0.3436079740533613 1.8193934055311904 0.44898854368829111
8.2685885652962359 0.3687822444372385 1.1336175120250107 0.73534889050692565
7.1023787167591079 0.63324285752335185 1.332056243418599 0.49816364205539065
8.4706013069064081 0.77344945820222089 0.95004422615986328 0.23596453357491459
7.3490983059614123 0.49946055959866154 0.1652425049323962 0.4592335035539834
8.5014662382393809 0.89096374901972186 0.23259330594963462 0.12222518777763967
8.8662667187566875 0.46901818896422831 1.4132527536936794 0.50598877774757589
8.8752080928314161 0.29916165451829546 0.98327070932824412 0.6816514946343587
7.7570937728282026 0.8445933556188272 0.25304336876110578 0.45303809342235168
8.1842089474359678 0.29199369037110839 0.36858416174003295 0.60237703740981241
8.3563708344486862 0.25875531737759905 0.48811262836467473 0.40717565242837039
8.4380062829235953 0.56413689143343515 1.3343673000740741 0.33192227054241097
8.6298457039684457 0.38540382764871195 0.67887705912200991 0.46017188033533474
7.362448611764715 0.7853848390806446 1.6163505787094834 0.5300886844898266
8.6444374287854586 0.74752829273627619 0.56671681224622028 0.3578301034721455
8.635905138703043 0.78208881766579363 0.10639720444130105 0.18791152273939105
7.5253234515557033 0.45618401544194753 0.92707894563859083 0.15308804435204973
8.0873182764253233 0.76348386334471707 1.0338555547079964 0.10188540998927328
7.1818054858337907 0.63398693429569397 0.2943987134465188 0.49657415404195981
7.4310208094791754 0.13995930332055134 0.29815082963622125 0.38199396051155043
8.6510248155045151 0.64220244263876103 1.197005305286398 0.16020310907013738
7.4502365490107127 0.50295030027166499 0.81256907209067264 0.44948119345482118
7.4564328030706513 0.54515194176682724 1.0010766308402135 0.68248849381818399
7.9377252014819977 0.73866655597237441 1.1545352479228366 0.61282340435034011
8.4083116934648761 0.6636572989420515 1.1769662413209334 0.6757030024593309
8.3007787469187981 0.51855816996646487 1.601716973755186 0.60040280570938898
8.2225167603244724 0.53795004107829425 0.62895664304895582 0.7886151990318665
8.5934047200956112 0.84284439194479288 1.2393301897199693 0.6848363976663252
7.2143918714502471 0.61036406898444107 0.26756734739212329 0.30203748248652845
8.7929445785664626 0.76548951528325093 0.44912354546373978 0.19178469423423056
7.5588478925437368 0.88295514845379808 0.46301436523998163 0.40528067672114465
8.2596514702218151 0.16863598460718437 1.5697108635173993 0.66311804309724132
7.2406249009217865 0.44072715034074261 1.9919732590485175 0.23766598239730907
8.7426303077834966 0.39966107277286456 1.1394915561714878 0.42794506120687736
8.9632129370172429 0.41595404369194156 1.6593582004140364 0.7043694890104103
8.5193958842056574 0.19529187875037216 0.82100476836843572 0.69176637689376852
7.346176590669125 0.51143031226336988 1.2551424543397769 0.1329778065829898
8.9160161349102331 0.12450398158651449 1.3690498642776527 0.2964542243492877
7.2197780231103064 0.26887941438090407 1.0774911710131374 0.19771626452965618
7.9077148636106598 0.36569919447994736 1.5841680213997364 0.25805061301250104
7.339544108162058 0.75910846588363157 0.19132490246592337 0.72734909039459328
8.666297393751087 0.2016594207050566 1.5739755254177565 0.20526822349480783
8.3161740760544269 0.71734689526514861 0.46261408781517999 0.48963689264730503
8.5850051418208597 0.54694359444329865 1.1712422250807419 0.55678351576797103
8.2718576454121671 0.27915198377479233 1.7280196487741624 0.61032303890664008
8.5492654127562684 0.22625844218558966 0.66032451546533377 0.77707318854162777
8.8865170197478349 0.36241592817522006 0.46858086422308987 0.18012588729384843
7.2287541574579084 0.80697849206233663 1.2194920036996038 0.79302669091112787
7.1313783678775549 0.69641254577519252 1.2618610315066812 0.57601513093401335
7.1735094955799257 0.32494647528142223 1.4382367040669009 0.55292670117620335
7.59510679055147 0.59323530217791764 0.4951244335757975 0.58840187648586506
8.8137240017803737 0.28222435400971813 0.12046037428177411 0.5516900149219689
7.567463911366719 0.30491217057676046 0.9032707908756904 0.67708147554433784
8.3197413665393292 0.50620142264265866 1.4551980342841768 0.28789738925698616
7.8108396410250016 0.3003802504223011 1.6585796626884395 0.16442894161976845
8.5523575771028622 0.67600031849239128 1.1229085968766153 0.37794291263442403
8.8081016484004984 0.33483906064491104 0.6500008538781471 0.22047583665838261
7.6399577608381311 0.38326488792398494 0.9779290909018985 0.54430374666237968
8.1909213932583889 0.42234191273735544 0.9794152302017346 0.42686089094633917
8.1311491388642843 0.55175687885888569 1.1822668010028117 0.59015181419353724
8.1519421887263093 0.84378923565173825 0.69436394804918344 0.15255832904206953
8.1346331959571412 0.84512165621278201 0.73230050381451672 0.75381598931990479
7.1417856936860558 0.31216995357302835 1.4514198258093027 0.47713066583721997
8.5045887026887304 0.86339922537936775 0.18267362474242882 0.3527401377444962
7.1847350509333641 0.69123503801635178 0.7309757315012626 0.67212665547839334
8.1267108366142882 0.29926716658187169 1.2668973201060136 0.70710728523639532
8.4136805463687896 0.62911329282429873 1.7639411472494013 0.55273810655781686
8.9878449882729488 0.38160702924359657 0.36980807708112085 0.13743817218865809
7.9412563614545251 0.62738240487588615 0.31490180344317353 0.76011266066254457
7.3878924835488711 0.70186878982737988 0.5489441401594487 0.42551919408668348
7.846378563441462 0.15061204283779636 0.17795895521599209 0.43390750119912469
7.2556901994793384 0.18124485101306734 1.5288989393569381 0.28141419416535352
7.6093630262854814 0.76677823426120439 0.17024243001029038 0.44154813499390133
8.4224244656562739 0.65047783809434401 1.7510648087360614 0.14687142277243756
8.5411735455335567 0.69214444394902797 1.322580749590905 0.40942125172808486
8.1202610265470572 0.46574508141683268 1.6695085537837204 0.21839572579950048
8.2525026043267218 0.89471693759043536 0.59696668753561677 0.23227397629669941
7.2395795218182455 0.78026413881185952 1.5506479075982662 0.4150660049881596
8.9935874318932854 0.21803740089347648 0.72846400625390606 0.17483078930875459
8.3097751298036506 0.38975204752428205 1.4896687994277376 0.28428868421588815
8.3228962004220115 0.52657023539722603 0.86426960393915087 0.2491941677014366
7.248114394843256 0.89947495562744295 1.0353662611995817 0.31299589686194873
7.969257864140765 0.36803957295691658 0.59145284475296478 0.76643421231998465
7.3029666347677296 0.48111726344950256 0.23592725331937689 0.30213193160161789
8.5841436594342273 0.62687405866442814 0.8979157198758837 0.76852131712297034
8.3391675249196098 0.49218629953117554 1.7487045666402969 0.3276137670664937
8.9271787327083061 0.41892776698220224 0.70365274191862703 0.57598984785591156
7.5827327576544494 0.33387621205316365 1.8675341824902578 0.26351278072319667
7.2060030961260679 0.87929999482524901 1.2380671145070206 0.19691928559630206
8.4367388765361575 0.26067476009679447 0.15604136738457886 0.76935255392867585
7.9617816328088855 0.12492151334408803 1.6058476403755391 0.44167758012006619
8.1038392332270988 0.20700450565416034 1.9370018991270896 0.42180571803310096
7.4638314757239268 0.79576153365345914 1.7502038704565333 0.19891122463338096
8.8864505930948212 0.26509758481483048 0.95155915876379471 0.39689812435973826
7.9892269391544435 0.31366038552287279 1.0585475348203808 0.47301220966545054
8.107928753867748 0.1334834136017844 0.53113929169919427 0.52436858613560933
7.3818312263568462 0.16288967045086272 0.89988408203465886 0.28110584389101678
7.0241768761045424 0.71579290229497461 1.4587392624869897 0.45016017534478925
8.4532019280115573 0.82380086662641538 1.1004269694347752 0.65926151920812026
7.610740775153034 0.86214006099925233 0.28622019134254617 0.6811910848143321
8.0520280699947673 0.15280155089846689 0.1367815398490263 0.35649080437628233
8.6116331869546894 0.20953812015877848 0.96462711386987099 0.12521830609818613
8.0663054657344322 0.47986712222960048 0.71863602067182086 0.44373399934393531
7.8173495332605372 0.83440543656045285 0.85968115847192583 0.36201031905290526
7.0198124210761401 0.49652911797013555 0.9748227712589147 0.53336521609154952
8.3489095692100257 0.30465965845610793 1.4322472619508015 0.31233046817146382
8.7399291216324606 0.33752902454699252 1.2608660557798141 0.69672985674035426
7.7471501486216878 0.8379555128243793 1.4261830944170222 0.6955341069034815
8.6269522873265707 0.47914140094007851 0.59616709116785371 0.473224973669777
7.1149694068060914 0.67007957629010018 0.26209344310257388 0.12000747878008275
7.426397555682442 0.45143567450985289 1.9611916474652009 0.14904881673537751
7.1951117489032645 0.44303304717044856 1.5067518867721594 0.54983191503756979
8.7240375753104207 0.5410389227335427 1.1295773334463288 0.51535503873608257
7.1070316279721064 0.12337509888314752 1.9154981936040723 0.29631944563688389
7.4067941476530406 0.47349529144139513 1.8082190741626734 0.50029750170234222
8.4463215068724953 0.11511386919985436 1.3050792881984783 0.65645086040607881
7.7101690650078085 0.36945136987939209 0.12303700570620468 0.37228985331283093
7.0279545785201707 0.68099877565237354 1.4196834316607152 0.67206295330694377
8.2560933968701153 0.79074698381874742 0.10767279608072754 0.6949279070933736
7.3650439778982699 0.55228511381654577 1.6705646233938087 0.22912100396452892
8.6223788866712106 0.79879095376037845 1.5382562567217228 0.21474639541991392
7.0857952128750235 0.21079235620367343 1.0518268894040326 0.28025054083149975
7.8727669673947434 0.85760891747541801 0.57217813679029428 0.58328386610120109
7.8922532231468381 0.77755054147944891 0.46171583062141541 0.41997269645934432
8.2320054428099976 0.45502447773109878 0.85594629058988936 0.2177682144568327
7.5397526507695449 0.65970185730355979 1.7817970787149096 0.20972237009045311
7.8517986889592022 0.70944064781237204 1.5005376427838477 0.45517697858510109
8.0706910603091249 0.22667383554988191 0.71290343846710158 0.24825938275159362
8.8598764683356315 0.36379572210747191 0.72484723443456112 0.49945171790139298
8.8591916851045749 0.78502231651383092 0.19972946504563061 0.25762681958729128
7.345687949292139 0.81251102905973638 1.3719560894202705 0.7366108831228001
7.6260439685025272 0.56280175007161071 1.1892535250972389 0.630565299072399
7.2046154190212075 0.22421346349493665 1.1871659103613663 0.6144174525139533
8.7629651731000564 0.86370554716999948 1.3635339412324357 0.33062877540750968
8.9297061412586292 0.67383532975168037 1.8295756273250363 0.33781445377659663
7.0687516588696688 0.11831281140777147 1.0285988456374229 0.46319209617390389
7.2365379967311823 0.28400708356177606 1.5887058381053321 0.13696834035076563
8.3264765643777867 0.41842421018235976 1.9889730452216765 0.58016244466508138
8.4024863550859745 0.14458852597551675 0.65135966763056308 0.66479908463703874
8.7681942319350412 0.71274938795796905 1.116013716439064 0.28230523145525022
8.1424767563125506 0.13114908468301584 0.27420321531153447 0.59888671281015204
8.6386068532536662 0.88898817504936989 1.4418111084839582 0.60973248136880742
7.9818450429466106 0.53707989039347825 0.86007954424839961 0.61695289084399507
7.5300816214451505 0.78775842672996443 0.21586092013862973 0.77415994483830664
8.0908627806253115 0.18713572022943642 0.61851992050644888 0.4590815581415244
8.367720310861344 0.48515273574547857 0.39212855889903198 0.46881278023548834
8.7938671723624147 0.40960250392558362 0.96672794623968705 0.19848573141237666
8.0825609512684604 0.3129742853549945 1.1679228226103617 0.28602478732921954
7.6417903602287005 0.79370350578094362 1.5088731097142827 0.24243836548141401
7.2983467203105157 0.26707058817009038 0.48256934633169901 0.19492382446498704
7.2226232625551923 0.38884624636073584 0.83158815191825719 0.12330791421133355
8.0253923955066853 0.15181723328854974 1.6161076785624229 0.26844604705170982
8.9853698009876322 0.83524966645617682 1.6515184908940064 0.74683909806959425
8.3429796272148646 0.46497618379433747 0.64348324855864802 0.74438402427854755
8.3437566885666605 0.77117723006312611 0.71763608023387504 0.62884546494703164
7.2837518284468894 0.3169436581938766 1.2588383169753534 0.45240519529676138
8.2053811748192018 0.1897085446991541 1.9246573127320969 0.63467653223460496
8.7290646952084483 0.34819509654143121 0.70673620348872179 0.58098653685920609
7.7853926711564787 0.81875664043045537 0.36745938983819326 0.23339199060575119
7.3760766433559191 0.56207955687991507 0.82168100172639069 0.79483091875124023
8.336443619069648 0.5156919693752412 1.2478864968100418 0.74831302604961092
7.4918455597396072 0.39532113774308897 1.4939686913456938 0.47863666791157278
7.6358849690811184 0.3162959758604188 0.29571054001232233 0.21865913018676547
8.4523990657540651 0.58800883452650732 0.75840966544270838 0.10484504124848629
8.2143019154099441 0.26162280561504947 0.19294453171484349 0.17802123142668275
8.5562393406167772 0.37225805648271948 1.204519728138145 0.14066916629357307
8.3936667831232104 0.69521355912997662 0.50370404631679655 0.43499789942184397
7.0758280457732967 0.28830647981231811 1.6513350821134305 0.67342018407346382
8.424308129496918 0.86643663565802931 0.91193061479190596 0.24699563161567112
7.205447270221045 0.44026485589615216 0.21230487411813975 0.48467108904485756
7.8274524830074403 0.30772967036985077 0.99150084751091683 0.24743129419130444
8.358405662401557 0.32013939717329776 1.1447812113187881 0.67300285512210478
7.7423929736345318 0.60996774947437671 1.7406415846392702 0.51310387009516634
8.220801048508859 0.22726534603957513 1.4267411891778063 0.63397318429933547
8.2281189945222994 0.38353085050087465 0.46916877870550733 0.78154575248113189
7.4703398338058982 0.6328324802920221 0.92870523495662327 0.61209294736572883
7.5532987356710874 0.12201106900477238 0.81008322519942944 0.45363233128407388
7.9163586217577873 0.15583687826030868 0.55278629799701184 0.49973979493149567
8.7993989270094275 0.15538655918723077 0.87428806364832945 0.71501284223871053
8.1395725657463025 0.64357610430235834 0.8238890522463902 0.61304330951086805
7.6966797189323088 0.85856002735334624 1.2313914787689704 0.70036822503784057
7.0956845648030908 0.33783541308779508 1.4161270953238976 0.41262905133348371
7.0805423749657104 0.34104790921738959 1.8629427144053758 0.30410133396350769
8.299145748675949 0.22250444945939274 1.4171695134142295 0.74793160973540151
7.7143128577345657 0.50332227689032061 1.316722689255573 0.5766961780316584
8.4667056802556537 0.57248562721180829 0.31246882312818991 0.50456145996334401
7.1365596710286825 0.50874936795591308 0.75981878538726211 0.77871163386637154
7.9089018288841411 0.52526493741595137 0.37303722054509814 0.55327698645454493
7.2637864340176668 0.79620013256376121 0.50472642102147036 0.36982329135913083
7.0635656750942761 0.61210056040209015 0.67949573611084313 0.38551115527982649
7.4218213784825773 0.33150021429179388 1.8265141942335905 0.40428912155286079
8.7149487778680292 0.85526179686810655 0.70743375528752195 0.49800350946784999
8.075899008551108 0.87463540273438534 1.1349145206984164 0.50858156153044032
7.3383480394464708 0.15503844432990055 0.53027933604712518 0.7188210323932771
8.6436651263794424 0.36442466454331901 1.6469297814736983 0.62678529771463343
8.8472359178077351 0.60711658827297021 1.5903149136082342 0.56203559188548424
8.8361340639133115 0.70029772167115079 1.7837249184299824 0.42163929057781191
8.442391952028828 0.35438310269888074 0.56839956567691241 0.63496612615809289
7.4631525987813356 0.71367112889354867 1.3108017395345866 0.16946625310068472
7.7632191086507607 0.17393071220716172 1.6365711361105959 0.48492229789091212
8.0817994007442415 0.35850244954798827 1.3753165725664469 0.54435854885385981
7.7439728097663902 0.26191935814099487 1.4920975076382759 0.46667400235570067
7.6335568597231003 0.78476794973713826 1.1246077340412199 0.40686155519914524
8.0170766131584017 0.42217167929501731 1.707197656764722 0.15673566856276988
8.9258775944300677 0.3738199637637688 1.3979859120339075 0.64768083822205003
8.0727885655495175 0.13016272191253991 1.0221970416659032 0.76668237650596016
8.598564100367053 0.57896975453479171 1.628466128642412 0.39426831040801968
7.0519893952058741 0.4138113705090255 0.34963344062774859 0.75306060996928903
8.5832122894645373 0.18257629566445616 0.25451230336393948 0.12096504993151166
7.7511545433575169 0.16987994204254137 0.32076645337626597 0.37899779974456349
8.3645829865480987 0.26630943716362726 1.1244388244525449 0.58948612797885436
8.5044058498391131 0.28152203267236486 0.38582718962706641 0.77575928465002697
7.2003268646971046 0.76156367660498625 1.7440911576973341 0.58399079484230187
8.2380623060920595 0.38687716532044703 1.8541253488054434 0.651423148580353
8.6559558276453537 0.68537985098326737 0.63903302279547403 0.19524890301966258
7.8996578688388803 0.70349952299128038 0.95967359507982963 0.53368177301348685
8.8438604193676706 0.71815890306640862 1.5106960285299529 0.22483180148285786
7.1698308735474834 0.71792599073346552 0.51911430217885401 0.25707897000650903
7.1850651604105575 0.54467036047625716 0.75537831370739661 0.63565152676602021
8.6924703972324568 0.86471146937884613 0.44539892127397729 0.59104409702951244
8.4599314157842098 0.73682673836757473 0.185992035140119 0.12061890086615973
7.5797515603955175 0.19213436659664987 0.92142141361936769 0.30873873007677421
7.4642859321818156 0.32476397787798295 0.14419533936209999 0.4486158633634495
7.1005054102536098 0.3451134867557808 0.82651677711880478 0.30252396515332169
7.4519104201839177 0.80041254513347571 0.28768866582632169 0.42851376371098926
7.9852884274822973 0.76494042261572959 1.7310806752112435 0.31879725634170492
7.2326653360172326 0.25483087304920854 1.1908521762013431 0.75329518511901983
8.1169514681331023 0.19995424695965641 1.5761246125937742 0.57839779836617644
8.3154435671296643 0.17289924095207471 1.0667988090434501 0.6012295640827604
8.5952759951469631 0.30338888235286415 1.5078194598647134 0.59205309503996051
7.5382143099958903 0.26091886358428318 1.5241871869883381 0.3454845347552985
8.8384179955694115 0.47403182646071762 0.73716088710093031 0.30489483591790101
8.6770032690941079 0.67935631692852272 1.4465420105039131 0.49682320944359615
8.326767531417465 0.89025232881909122 0.54265725074397853 0.6113138424350878
7.4819875226580903 0.76649713839313527 1.3015286709065601 0.4986404723695318
7.7677977741646815 0.62401831590577717 0.24733117928385051 0.22783458867845655
7.4235189361162144 0.42714451643136597 1.2888620214508957 0.24055018433512565
8.3590971014919297 0.31338196060925849 1.6154569725629668 0.55861226203650671
8.4711323867090869 0.60453549148988772 0.9948011988462343 0.40845009688749367
7.3519942438650396 0.14434213017223679 1.1258867979217093 0.14304479789851032
7.6853709588841008 0.82139748554040515 1.8653146063404296 0.78943526103763695
7.3499634485112972 0.77827962524556504 1.7040228423470518 0.33996237801978368
7.7062319288422785 0.44857677680959918 1.8530762790728865 0.5200343157056464
7.2342113304831637 0.50931098816025144 0.39127914569577038 0.14119300253675249
8.630851575734388 0.44488193909157225 0.28936063236901649 0.74233949825645917
8.2469785114103864 0.24881065089142881 0.91789058249911171 0.20041940938701724
8.6758426370894419 0.79129376735669021 0.60025732754619432 0.40822923155301172
8.8126271387845563 0.80173314301926413 1.3710680531816226 0.15402901334432204
8.7817303231192678 0.25701858076780582 0.13762517428742924 0.35323032072657612
7.8596583123860455 0.43589428582747924 0.59939465449545359 0.79696717138896123
8.2218600046122052 0.36733755107759347 0.40407380708963059 0.26713147843241963
7.6115343380736897 0.25079140951991896 0.22605238356832552 0.75326726398187105
8.8921271486685907 0.47476861716435403 0.74242724327010257 0.18299201960644734
8.6033810309041971 0.60483162383609934 1.0051872768824301 0.31049631040844483
8.3716152644401944 0.83165724659167795 0.47363701949514225 0.2365118245361387
7.68621793932477 0.47509210750795938 1.4793138443274683 0.58706821615312621
8.8905274974147925 0.75285875194509089 1.4665015499874599 0.72323437224951925
8.6036107862048787 0.58267294233599143 1.5806390293523715 0.77494844014609365
8.3127932939471094 0.51626422773344061 0.27661359725218432 0.75484433409522
7.9723309212463764 0.31908705908493329 0.77271239650588242 0.64749756925050428
7.0472247285551424 0.72495921806617603 1.7528665834589394 0.26631662544741008
8.4848640283620718 0.12175587219534871 0.41164713478585302 0.52886812956102069
7.0239755401979389 0.56921798476260499 1.5095502543398955 0.17891068203702665
8.4818537633365683 0.45587979958663027 1.9689860043358058 0.23504346408927626
7.6226626160363846 0.82456353982031905 0.63191259531323019 0.64372034281485124
8.5693038374124768 0.183933742695819 0.52637498510484493 0.15794104958081093
7.6922760421728142 0.2917901440094135 0.31107299285834034 0.55362090428917421
8.2175631231614936 0.17600927669677152 0.87652364585264164 0.34503140345250083
7.7683644718397185 0.44719544232369413 1.3934717213141996 0.41281628426836436
8.8321992639670466 0.16892340728541988 0.22436222015705914 0.72296727434880748
8.9593728806740529 0.24621687055950342 0.11072825262088436 0.28171222428710607
7.1343790833628766 0.59573445466455688 0.44100041734452811 0.77950893458020121
8.5814845456128523 0.73030294113289351 1.3230551437523901 0.27442299224140693
7.6949905191112098 0.5677106524526071 1.7258824117574516 0.35540129827911482
7.8817175169573845 0.6225444300559676 1.4966049879874781 0.61090681578190587
8.1718217449343449 0.31530949514266327 1.5414277131222307 0.1247226928404115
7.4964201777568853 0.51490239549096806 1.5960660336665977 0.62406948846190491
8.7875731131750303 0.18165196058589483 0.17266547596403117 0.47433933823155372
8.6994989048228195 0.38018809725236402 0.47662607640938714 0.7432251046968531
8.1797419286339679 0.64397677484395965 1.8309968462107939 0.65958078810429166
8.3241295523615193 0.16507524747414187 1.0547304452238029 0.1139443268642598
7.2799622729189268 0.48662053070952582 0.73273304264684436 0.59940777201188211
7.9102203624760552 0.41371935531746173 0.37555505931292532 0.75234288086176071
8.8813973486273241 0.85149367329080983 0.21009387374518984 0.41853003033772984
8.6068716830121446 0.52789876563395532 1.3607886560927178 0.62301485152587011
8.5547537471221702 0.23876774524412644 1.4212798214578508 0.77030333909868387
8.7651825960422869 0.31756441935471724 1.5921677656549029 0.37996227431515917
8.650705208739252 0.42633427246293631 1.0720008586757679 0.73231604944145712
7.493740639256032 0.81227403403381337 0.38392467922701301 0.3388878509137076
8.1182745149060214 0.8293333552904163 1.240887569465849 0.63972808394133485
8.1025266771274023 0.48413004809338489 0.84558125195823941 0.5078923889421626
8.7735756407537639 0.66444277373095439 1.7211928653723791 0.62733670930481955
8.1710629854620542 0.13177778385454225 0.41345567532625149 0.29954412835499533
8.4914824287172355 0.57155787414506853 1.9916624534520084 0.78982032674839531
7.3137552263740115 0.69026905567760544 1.7568564577174579 0.3680220092542541
7.1053935339106822 0.83255690045426922 1.3001385642271079 0.53816740256828732
7.8642343681243707 0.16920783683102578 0.48691513915915408 0.56911066781483866
8.1055482163183648 0.75889791529412465 0.45631665310325109 0.72686772799997168
7.0706051246539143 0.46799662902934225 1.8930883375578538 0.55530692214962429
7.3828570510785214 0.58836782721013292 0.78597565087834964 0.73500023502763567
8.4719390638448733 0.72381713958027427 0.5177093244219233 0.19125089161738995
7.4054959542712497 0.10702907235185619 1.3301246066714649 0.30955563999850044
8.9946584893275343 0.40581843010068319 0.53801739641487423 0.46069461333034811
7.5475640312804249 0.85687316513373568 0.88096379622555865 0.23562757438761753
8.0119264873415954 0.44326677134494008 0.16654171987713329 0.23793122169666919
8.427396520523077 0.75969909071728992 1.0681195338381306 0.45963945183524535
7.1370125076362472 0.51040289457421606 1.0444500704472677 0.34077450098627876
7.5566461287998203 0.75488531553760541 0.4219420005865796 0.4028142536915873
7.4222992664226508 0.34424384682064146 0.46471890265176408 0.26603060465614492
8.7976711432983592 0.25057937908701178 0.40565961729365141 0.60655577638681746
8.99318730986014 0.18671427945913366 0.62102604013098572 0.65578100977432474
8.369985236399696 0.28737781024223841 1.3427158857033679 0.71627733596731746
7.0341848107258844 0.57041349013428144 1.1898528142370886 0.41978682806272483
7.0899525494085642 0.5510148173433741 1.8963431299338773 0.50166466285586131
8.0396981961433127 0.7414270174962464 1.1580396966812769 0.67392014937618472
8.6831753132001737 0.31227707535840843 0.78497327355087199 0.73003323851969282
7.9768196186158526 0.49826828716848504 0.44790768314430274 0.4430818087451619
8.4854251316080518 0.2738186054144538 1.3781948562236639 0.1898261894450588
8.5154336507365649 0.34495898860157559 1.2499994612854624 0.22159637317997755
8.0573342197786175 0.20565941484666284 0.84731174991208402 0.3155327769498053
8.8075578631640088 0.76259365086277764 1.6521218951887162 0.17247467215986448
8.6028283986240783 0.18641991625188248 1.4759242489954978 0.70613391188916885
8.9469352050857474 0.14614988177403598 0.84276252720622258 0.52285888712733797
8.1545926847637116 0.72371890211075562 0.72241094775118209 0.52359661188943341
8.8270534337498869 0.30508243472790642 1.8443400744449552 0.12565260594329447
7.0245277729490265 0.21937340672005656 0.3863600748747168 0.78408359108827341
7.0051921048198311 0.83237141301686912 1.407502066369664 0.2960800943422488
8.3633483262222619 0.77808656185207969 0.94725477294058125 0.41075554062898556
7.7554166542204017 0.67541739590761529 1.2921725867134417 0.45657757356974749
7.834090091678731 0.69761529114316778 1.3859045625661124 0.71301620887403894
8.0881221742275216 0.47947056591455761 0.45705228541684795 0.50686775820182772
7.217532900319874 0.71106674596619601 0.11755460870898674 0.36127773724680945
7.2207090402163141 0.42034716523129345 1.8815045904335297 0.14315884343619564
7.2306249911281508 0.28374144498048137 1.4190784904021501 0.166384002985214
7.8550775581570571 0.49248370298310362 1.9693619919014038 0.10322859299291907
7.5126839557073666 0.18298508452506285 1.9704570929433485 0.20724706888573585
7.9991923760896562 0.50010266175486595 0.54151192187349462 0.18652259021418832
8.019384643671307 0.38067806840578244 1.766205890279144 0.24397833484084797
8.8705601231242195 0.72688271293635065 0.8091591426624869 0.1056633508345856
7.9229459389767261 0.23698339854794034 0.7905583196876752 0.76512789121692992
7.3940160321587793 0.79598968934755454 0.99807120981173325 0.54738183163497856
7.6429758623966899 0.48303244769365161 0.3422924664356416 0.42888203537270686
7.5492824936382927 0.23173625095676692 1.1056129286757446 0.70621553682212346
7.7534970874555302 0.11752233244403873 1.8621189612781757 0.33440556007522471
8.5793545688173705 0.16954780032039102 1.7955480528167984 0.54193768406592391
8.6248399907609787 0.25918455399097318 0.90912961750904275 0.32639689410400918
8.5266142338145894 0.4309755825664946 0.9071466911911652 0.33458568580049242
7.7962226347846446 0.89760698371505598 0.51622167838167277 0.75877826849181629
7.3637068513907451 0.79664312342530064 0.25277955255804568 0.31167115320315381
8.1445648774380537 0.3691493586726512 0.79892835843678511 0.22358507670085223
8.9755133918898053 0.27231735513186883 1.8858773997946126 0.26272345048617612
7.3162795437235726 0.26320454019160938 1.4093013335201539 0.33634110023530306
7.2892444869922182 0.33263139935817893 1.1484149966870263 0.28968210405429867
8.8335009079866751 0.32373371770588055 0.40234828262106392 0.3558321210583214
7.0923573021762216 0.60900423092690825 1.7614834808817859 0.28411504228131812
8.73941931457294 0.12721178636483732 1.6886214759668337 0.73610618237542647
7.3076981703007462 0.83609249563780064 1.585751312336861 0.24109501856487262
7.6476719404582045 0.82944695920603639 0.52965035320867815 0.78305862842357654
8.0656722636943314 0.14002837832208789 0.30870339973710831 0.47568834727759535
7.6646179564797716 0.51825189319267373 0.33349945872882852 0.32938158062838779
8.6226316847661657 0.13193998715025806 0.18920181578678225 0.17303287521420685
7.6811981983821971 0.55538925444231824 1.4658510280431856 0.64444418281869242
7.800197113226262 0.53393592976055626 0.4015274531065679 0.47778604447395645
7.0459115839727238 0.26102081083060363 0.32677453764289233 0.54600951184965762
8.4050901603795687 0.29391582523849136 0.11139510509722743 0.34263449399656343
8.7851371484047061 0.86992048131295663 0.4898276464072544 0.69100735745611408
7.4280981909873889 0.31929858579393666 0.78443038530951337 0.29394759965696127
7.9257465940791576 0.6668363393796366 0.60124235598336218 0.46527306983060146
8.2400430296645446 0.74365254151551541 1.5848653089715117 0.30626089278430024
8.233544406451399 0.84029006819822172 1.870147981611326 0.49050396227870285
8.6212324414389965 0.64878311900506036 1.3727831438431295 0.56713605830570391
8.5489689728745599 0.65897233236338659 1.077615131618529 0.46453901613215254
8.5371272895436494 0.33767719115703465 1.7851411795169199 0.17809331455207145
7.933856797453438 0.25990914946625188 0.36503056145930313 0.71346008661634319
7.7947935140222846 0.85245238234760101 0.28420953257982273 0.1690527896070699
8.5633403084082733 0.21851832225324852 0.76948254922069792 0.40245131450057237
7.2254338953218786 0.78245601417708543 0.26937333782725614 0.39635668323384787
7.3507272703581776 0.44043867514700186 0.39971178890553871 0.52819079650088452
7.5293893162827938 0.64254167347512037 0.532074301061217 0.24253466319896433
8.7265144914129049 0.57746782387243223 1.3397807324241371 0.66621990797331432
8.7571511145249659 0.82480430702582197 0.61023170628753098 0.16011308200445218
